[
    {
        "model": "admin.logentry",
        "pk": 1,
        "fields": {
            "action_time": "2024-03-05T19:57:02.537Z",
            "user": 1,
            "content_type": 7,
            "object_id": "1",
            "object_repr": "Men's Clothing",
            "action_flag": 1,
            "change_message": "[{\"added\": {}}]"
        }
    },
    {
        "model": "admin.logentry",
        "pk": 2,
        "fields": {
            "action_time": "2024-03-05T19:57:20.148Z",
            "user": 1,
            "content_type": 7,
            "object_id": "2",
            "object_repr": "Computer & Accessories",
            "action_flag": 1,
            "change_message": "[{\"added\": {}}]"
        }
    },
    {
        "model": "admin.logentry",
        "pk": 3,
        "fields": {
            "action_time": "2024-03-05T19:57:27.721Z",
            "user": 1,
            "content_type": 7,
            "object_id": "3",
            "object_repr": "Mobiles, Computers",
            "action_flag": 1,
            "change_message": "[{\"added\": {}}]"
        }
    },
    {
        "model": "admin.logentry",
        "pk": 4,
        "fields": {
            "action_time": "2024-03-05T19:57:51.863Z",
            "user": 1,
            "content_type": 8,
            "object_id": "1",
            "object_repr": "Sub_category object (1)",
            "action_flag": 1,
            "change_message": "[{\"added\": {}}]"
        }
    },
    {
        "model": "admin.logentry",
        "pk": 5,
        "fields": {
            "action_time": "2024-03-05T19:57:59.224Z",
            "user": 1,
            "content_type": 8,
            "object_id": "2",
            "object_repr": "Sub_category object (2)",
            "action_flag": 1,
            "change_message": "[{\"added\": {}}]"
        }
    },
    {
        "model": "admin.logentry",
        "pk": 6,
        "fields": {
            "action_time": "2024-03-05T19:58:15.977Z",
            "user": 1,
            "content_type": 8,
            "object_id": "3",
            "object_repr": "Sub_category object (3)",
            "action_flag": 1,
            "change_message": "[{\"added\": {}}]"
        }
    },
    {
        "model": "admin.logentry",
        "pk": 7,
        "fields": {
            "action_time": "2024-03-05T19:58:34.590Z",
            "user": 1,
            "content_type": 8,
            "object_id": "4",
            "object_repr": "Sub_category object (4)",
            "action_flag": 1,
            "change_message": "[{\"added\": {}}]"
        }
    },
    {
        "model": "admin.logentry",
        "pk": 8,
        "fields": {
            "action_time": "2024-03-05T20:00:11.431Z",
            "user": 1,
            "content_type": 8,
            "object_id": "5",
            "object_repr": "Sub_category object (5)",
            "action_flag": 1,
            "change_message": "[{\"added\": {}}]"
        }
    },
    {
        "model": "admin.logentry",
        "pk": 9,
        "fields": {
            "action_time": "2024-03-05T20:00:47.940Z",
            "user": 1,
            "content_type": 8,
            "object_id": "5",
            "object_repr": "Sub_category object (5)",
            "action_flag": 2,
            "change_message": "[{\"changed\": {\"fields\": [\"Name\"]}}]"
        }
    },
    {
        "model": "admin.logentry",
        "pk": 10,
        "fields": {
            "action_time": "2024-03-05T20:04:29.114Z",
            "user": 1,
            "content_type": 9,
            "object_id": "1",
            "object_repr": "Product object (1)",
            "action_flag": 1,
            "change_message": "[{\"added\": {}}]"
        }
    },
    {
        "model": "admin.logentry",
        "pk": 11,
        "fields": {
            "action_time": "2024-03-05T20:04:57.985Z",
            "user": 1,
            "content_type": 9,
            "object_id": "2",
            "object_repr": "Product object (2)",
            "action_flag": 1,
            "change_message": "[{\"added\": {}}]"
        }
    },
    {
        "model": "admin.logentry",
        "pk": 12,
        "fields": {
            "action_time": "2024-03-05T20:16:41.392Z",
            "user": 1,
            "content_type": 9,
            "object_id": "3",
            "object_repr": "img-3",
            "action_flag": 1,
            "change_message": "[{\"added\": {}}]"
        }
    },
    {
        "model": "admin.logentry",
        "pk": 13,
        "fields": {
            "action_time": "2024-03-05T20:18:46.818Z",
            "user": 1,
            "content_type": 9,
            "object_id": "4",
            "object_repr": "img-4",
            "action_flag": 1,
            "change_message": "[{\"added\": {}}]"
        }
    },
    {
        "model": "admin.logentry",
        "pk": 14,
        "fields": {
            "action_time": "2024-03-05T20:19:02.868Z",
            "user": 1,
            "content_type": 9,
            "object_id": "5",
            "object_repr": "img-5",
            "action_flag": 1,
            "change_message": "[{\"added\": {}}]"
        }
    },
    {
        "model": "admin.logentry",
        "pk": 15,
        "fields": {
            "action_time": "2024-03-05T20:19:32.393Z",
            "user": 1,
            "content_type": 9,
            "object_id": "6",
            "object_repr": "img-6",
            "action_flag": 1,
            "change_message": "[{\"added\": {}}]"
        }
    },
    {
        "model": "admin.logentry",
        "pk": 16,
        "fields": {
            "action_time": "2024-03-05T20:19:59.874Z",
            "user": 1,
            "content_type": 9,
            "object_id": "7",
            "object_repr": "img-7",
            "action_flag": 1,
            "change_message": "[{\"added\": {}}]"
        }
    },
    {
        "model": "admin.logentry",
        "pk": 17,
        "fields": {
            "action_time": "2024-03-05T20:20:14.257Z",
            "user": 1,
            "content_type": 9,
            "object_id": "4",
            "object_repr": "img-4",
            "action_flag": 2,
            "change_message": "[{\"changed\": {\"fields\": [\"Image\"]}}]"
        }
    },
    {
        "model": "admin.logentry",
        "pk": 18,
        "fields": {
            "action_time": "2024-03-08T19:41:02.656Z",
            "user": 1,
            "content_type": 9,
            "object_id": "1",
            "object_repr": "Mens wear-1",
            "action_flag": 2,
            "change_message": "[{\"changed\": {\"fields\": [\"Name\"]}}]"
        }
    },
    {
        "model": "admin.logentry",
        "pk": 19,
        "fields": {
            "action_time": "2024-03-08T19:41:30.479Z",
            "user": 1,
            "content_type": 9,
            "object_id": "2",
            "object_repr": "Mens wear-2",
            "action_flag": 2,
            "change_message": "[{\"changed\": {\"fields\": [\"Name\"]}}]"
        }
    },
    {
        "model": "admin.logentry",
        "pk": 20,
        "fields": {
            "action_time": "2024-03-08T19:41:41.601Z",
            "user": 1,
            "content_type": 9,
            "object_id": "3",
            "object_repr": "Laptop-1",
            "action_flag": 2,
            "change_message": "[{\"changed\": {\"fields\": [\"Name\"]}}]"
        }
    },
    {
        "model": "admin.logentry",
        "pk": 21,
        "fields": {
            "action_time": "2024-03-08T19:42:13.032Z",
            "user": 1,
            "content_type": 9,
            "object_id": "4",
            "object_repr": "Mobile cases for iphone",
            "action_flag": 2,
            "change_message": "[{\"changed\": {\"fields\": [\"Name\"]}}]"
        }
    },
    {
        "model": "admin.logentry",
        "pk": 22,
        "fields": {
            "action_time": "2024-03-08T19:42:26.254Z",
            "user": 1,
            "content_type": 9,
            "object_id": "5",
            "object_repr": "Mobile cases for android",
            "action_flag": 2,
            "change_message": "[{\"changed\": {\"fields\": [\"Name\"]}}]"
        }
    },
    {
        "model": "admin.logentry",
        "pk": 23,
        "fields": {
            "action_time": "2024-03-08T19:42:41.414Z",
            "user": 1,
            "content_type": 9,
            "object_id": "6",
            "object_repr": "Sunglasses for Men-1",
            "action_flag": 2,
            "change_message": "[{\"changed\": {\"fields\": [\"Name\"]}}]"
        }
    },
    {
        "model": "admin.logentry",
        "pk": 24,
        "fields": {
            "action_time": "2024-03-08T19:42:54.257Z",
            "user": 1,
            "content_type": 9,
            "object_id": "7",
            "object_repr": "Sunglasses for Men-2",
            "action_flag": 2,
            "change_message": "[{\"changed\": {\"fields\": [\"Name\"]}}]"
        }
    },
    {
        "model": "admin.logentry",
        "pk": 25,
        "fields": {
            "action_time": "2024-03-08T19:43:12.845Z",
            "user": 1,
            "content_type": 9,
            "object_id": "4",
            "object_repr": "Mobile cases for android",
            "action_flag": 2,
            "change_message": "[{\"changed\": {\"fields\": [\"Name\"]}}]"
        }
    },
    {
        "model": "admin.logentry",
        "pk": 26,
        "fields": {
            "action_time": "2024-03-08T19:43:21.621Z",
            "user": 1,
            "content_type": 9,
            "object_id": "5",
            "object_repr": "Mobile cases for iphone",
            "action_flag": 2,
            "change_message": "[{\"changed\": {\"fields\": [\"Name\"]}}]"
        }
    },
    {
        "model": "admin.logentry",
        "pk": 27,
        "fields": {
            "action_time": "2024-03-09T20:02:31.880Z",
            "user": 1,
            "content_type": 4,
            "object_id": "4",
            "object_repr": "user123",
            "action_flag": 3,
            "change_message": ""
        }
    },
    {
        "model": "admin.logentry",
        "pk": 28,
        "fields": {
            "action_time": "2024-03-09T20:02:31.889Z",
            "user": 1,
            "content_type": 4,
            "object_id": "3",
            "object_repr": "user786",
            "action_flag": 3,
            "change_message": ""
        }
    },
    {
        "model": "admin.logentry",
        "pk": 29,
        "fields": {
            "action_time": "2024-03-11T19:39:22.943Z",
            "user": 1,
            "content_type": 11,
            "object_id": "1",
            "object_repr": "Order object (1)",
            "action_flag": 1,
            "change_message": "[{\"added\": {}}]"
        }
    },
    {
        "model": "admin.logentry",
        "pk": 30,
        "fields": {
            "action_time": "2024-03-15T21:21:01.765Z",
            "user": 1,
            "content_type": 11,
            "object_id": "3",
            "object_repr": "Sunglasses for Men-1",
            "action_flag": 3,
            "change_message": ""
        }
    },
    {
        "model": "admin.logentry",
        "pk": 31,
        "fields": {
            "action_time": "2024-03-15T21:21:01.772Z",
            "user": 1,
            "content_type": 11,
            "object_id": "2",
            "object_repr": "Sunglasses for Men-1",
            "action_flag": 3,
            "change_message": ""
        }
    },
    {
        "model": "admin.logentry",
        "pk": 32,
        "fields": {
            "action_time": "2024-03-15T21:21:01.776Z",
            "user": 1,
            "content_type": 11,
            "object_id": "1",
            "object_repr": "3",
            "action_flag": 3,
            "change_message": ""
        }
    },
    {
        "model": "admin.logentry",
        "pk": 33,
        "fields": {
            "action_time": "2024-03-15T21:27:56.719Z",
            "user": 1,
            "content_type": 11,
            "object_id": "8",
            "object_repr": "Laptop-1",
            "action_flag": 3,
            "change_message": ""
        }
    },
    {
        "model": "admin.logentry",
        "pk": 34,
        "fields": {
            "action_time": "2024-03-15T21:27:56.725Z",
            "user": 1,
            "content_type": 11,
            "object_id": "7",
            "object_repr": "Mens wear-1",
            "action_flag": 3,
            "change_message": ""
        }
    },
    {
        "model": "admin.logentry",
        "pk": 35,
        "fields": {
            "action_time": "2024-03-15T21:27:56.731Z",
            "user": 1,
            "content_type": 11,
            "object_id": "6",
            "object_repr": "Sunglasses for Men-1",
            "action_flag": 3,
            "change_message": ""
        }
    },
    {
        "model": "admin.logentry",
        "pk": 36,
        "fields": {
            "action_time": "2024-03-15T21:27:56.734Z",
            "user": 1,
            "content_type": 11,
            "object_id": "5",
            "object_repr": "Mens wear-1",
            "action_flag": 3,
            "change_message": ""
        }
    },
    {
        "model": "admin.logentry",
        "pk": 37,
        "fields": {
            "action_time": "2024-03-15T21:27:56.743Z",
            "user": 1,
            "content_type": 11,
            "object_id": "4",
            "object_repr": "Sunglasses for Men-1",
            "action_flag": 3,
            "change_message": ""
        }
    },
    {
        "model": "admin.logentry",
        "pk": 38,
        "fields": {
            "action_time": "2024-03-15T21:31:17.045Z",
            "user": 1,
            "content_type": 11,
            "object_id": "11",
            "object_repr": "Laptop-1",
            "action_flag": 3,
            "change_message": ""
        }
    },
    {
        "model": "admin.logentry",
        "pk": 39,
        "fields": {
            "action_time": "2024-03-15T21:31:17.119Z",
            "user": 1,
            "content_type": 11,
            "object_id": "10",
            "object_repr": "Mens wear-1",
            "action_flag": 3,
            "change_message": ""
        }
    },
    {
        "model": "admin.logentry",
        "pk": 40,
        "fields": {
            "action_time": "2024-03-15T21:31:17.154Z",
            "user": 1,
            "content_type": 11,
            "object_id": "9",
            "object_repr": "Sunglasses for Men-1",
            "action_flag": 3,
            "change_message": ""
        }
    },
    {
        "model": "admin.logentry",
        "pk": 41,
        "fields": {
            "action_time": "2024-03-16T20:19:17.527Z",
            "user": 1,
            "content_type": 11,
            "object_id": "15",
            "object_repr": "Mobile cases for android",
            "action_flag": 2,
            "change_message": "[{\"changed\": {\"fields\": [\"User\"]}}]"
        }
    },
    {
        "model": "admin.logentry",
        "pk": 42,
        "fields": {
            "action_time": "2024-03-16T20:19:28.027Z",
            "user": 1,
            "content_type": 11,
            "object_id": "16",
            "object_repr": "Sunglasses for Men-2",
            "action_flag": 2,
            "change_message": "[{\"changed\": {\"fields\": [\"User\"]}}]"
        }
    },
    {
        "model": "admin.logentry",
        "pk": 43,
        "fields": {
            "action_time": "2024-03-16T21:08:55.295Z",
            "user": 1,
            "content_type": 8,
            "object_id": "6",
            "object_repr": "Smart Phone",
            "action_flag": 1,
            "change_message": "[{\"added\": {}}]"
        }
    },
    {
        "model": "admin.logentry",
        "pk": 44,
        "fields": {
            "action_time": "2024-03-16T21:09:01.152Z",
            "user": 1,
            "content_type": 12,
            "object_id": "1",
            "object_repr": "Apple",
            "action_flag": 1,
            "change_message": "[{\"added\": {}}]"
        }
    },
    {
        "model": "admin.logentry",
        "pk": 45,
        "fields": {
            "action_time": "2024-03-16T21:09:22.349Z",
            "user": 1,
            "content_type": 12,
            "object_id": "2",
            "object_repr": "Oneplus",
            "action_flag": 1,
            "change_message": "[{\"added\": {}}]"
        }
    },
    {
        "model": "admin.logentry",
        "pk": 46,
        "fields": {
            "action_time": "2024-03-16T21:09:28.972Z",
            "user": 1,
            "content_type": 12,
            "object_id": "3",
            "object_repr": "Xiaomi",
            "action_flag": 1,
            "change_message": "[{\"added\": {}}]"
        }
    },
    {
        "model": "admin.logentry",
        "pk": 47,
        "fields": {
            "action_time": "2024-03-16T21:10:08.254Z",
            "user": 1,
            "content_type": 12,
            "object_id": "4",
            "object_repr": "HP",
            "action_flag": 1,
            "change_message": "[{\"added\": {}}]"
        }
    },
    {
        "model": "admin.logentry",
        "pk": 48,
        "fields": {
            "action_time": "2024-03-16T21:10:29.261Z",
            "user": 1,
            "content_type": 12,
            "object_id": "5",
            "object_repr": "U.S. Polo",
            "action_flag": 1,
            "change_message": "[{\"added\": {}}]"
        }
    },
    {
        "model": "admin.logentry",
        "pk": 49,
        "fields": {
            "action_time": "2024-03-16T21:10:52.926Z",
            "user": 1,
            "content_type": 12,
            "object_id": "6",
            "object_repr": "Rayban",
            "action_flag": 1,
            "change_message": "[{\"added\": {}}]"
        }
    },
    {
        "model": "admin.logentry",
        "pk": 50,
        "fields": {
            "action_time": "2024-03-16T21:11:03.456Z",
            "user": 1,
            "content_type": 12,
            "object_id": "7",
            "object_repr": "Acer",
            "action_flag": 1,
            "change_message": "[{\"added\": {}}]"
        }
    },
    {
        "model": "admin.logentry",
        "pk": 51,
        "fields": {
            "action_time": "2024-03-16T21:11:35.292Z",
            "user": 1,
            "content_type": 12,
            "object_id": "8",
            "object_repr": "Fastrack",
            "action_flag": 1,
            "change_message": "[{\"added\": {}}]"
        }
    },
    {
        "model": "admin.logentry",
        "pk": 52,
        "fields": {
            "action_time": "2024-03-16T21:11:52.573Z",
            "user": 1,
            "content_type": 12,
            "object_id": "6",
            "object_repr": "RAY-Ban",
            "action_flag": 2,
            "change_message": "[{\"changed\": {\"fields\": [\"Name\"]}}]"
        }
    },
    {
        "model": "admin.logentry",
        "pk": 53,
        "fields": {
            "action_time": "2024-03-16T21:12:53.626Z",
            "user": 1,
            "content_type": 12,
            "object_id": "9",
            "object_repr": "Levi's",
            "action_flag": 1,
            "change_message": "[{\"added\": {}}]"
        }
    },
    {
        "model": "admin.logentry",
        "pk": 54,
        "fields": {
            "action_time": "2024-03-16T21:25:30.156Z",
            "user": 1,
            "content_type": 9,
            "object_id": "8",
            "object_repr": "Iphone 15",
            "action_flag": 1,
            "change_message": "[{\"added\": {}}]"
        }
    },
    {
        "model": "admin.logentry",
        "pk": 55,
        "fields": {
            "action_time": "2024-03-16T21:28:23.943Z",
            "user": 1,
            "content_type": 9,
            "object_id": "9",
            "object_repr": "Iphone  14",
            "action_flag": 1,
            "change_message": "[{\"added\": {}}]"
        }
    },
    {
        "model": "admin.logentry",
        "pk": 56,
        "fields": {
            "action_time": "2024-03-16T21:29:01.024Z",
            "user": 1,
            "content_type": 9,
            "object_id": "10",
            "object_repr": "OnePlus 12R",
            "action_flag": 1,
            "change_message": "[{\"added\": {}}]"
        }
    },
    {
        "model": "admin.logentry",
        "pk": 57,
        "fields": {
            "action_time": "2024-03-16T21:29:33.368Z",
            "user": 1,
            "content_type": 9,
            "object_id": "11",
            "object_repr": "Xiaomi 12 Pro",
            "action_flag": 1,
            "change_message": "[{\"added\": {}}]"
        }
    },
    {
        "model": "admin.logentry",
        "pk": 58,
        "fields": {
            "action_time": "2024-03-16T21:34:25.519Z",
            "user": 1,
            "content_type": 9,
            "object_id": "12",
            "object_repr": "U.S. Polo Mid Orange",
            "action_flag": 1,
            "change_message": "[{\"added\": {}}]"
        }
    },
    {
        "model": "admin.logentry",
        "pk": 59,
        "fields": {
            "action_time": "2024-03-16T21:35:03.655Z",
            "user": 1,
            "content_type": 9,
            "object_id": "13",
            "object_repr": "Levi's Blue",
            "action_flag": 1,
            "change_message": "[{\"added\": {}}]"
        }
    },
    {
        "model": "admin.logentry",
        "pk": 60,
        "fields": {
            "action_time": "2024-03-16T21:35:24.880Z",
            "user": 1,
            "content_type": 9,
            "object_id": "13",
            "object_repr": "Levi's Blue",
            "action_flag": 2,
            "change_message": "[{\"changed\": {\"fields\": [\"Category\"]}}]"
        }
    },
    {
        "model": "admin.logentry",
        "pk": 61,
        "fields": {
            "action_time": "2024-03-16T21:35:29.164Z",
            "user": 1,
            "content_type": 9,
            "object_id": "12",
            "object_repr": "U.S. Polo Mid Orange",
            "action_flag": 2,
            "change_message": "[{\"changed\": {\"fields\": [\"Category\"]}}]"
        }
    },
    {
        "model": "admin.logentry",
        "pk": 62,
        "fields": {
            "action_time": "2024-03-16T21:36:23.180Z",
            "user": 1,
            "content_type": 9,
            "object_id": "14",
            "object_repr": "RAY-Ban - 1",
            "action_flag": 1,
            "change_message": "[{\"added\": {}}]"
        }
    },
    {
        "model": "admin.logentry",
        "pk": 63,
        "fields": {
            "action_time": "2024-03-16T21:36:52.890Z",
            "user": 1,
            "content_type": 9,
            "object_id": "15",
            "object_repr": "RAY-Ban - 2",
            "action_flag": 1,
            "change_message": "[{\"added\": {}}]"
        }
    },
    {
        "model": "admin.logentry",
        "pk": 64,
        "fields": {
            "action_time": "2024-03-16T21:37:24.451Z",
            "user": 1,
            "content_type": 9,
            "object_id": "16",
            "object_repr": "Acer A35",
            "action_flag": 1,
            "change_message": "[{\"added\": {}}]"
        }
    },
    {
        "model": "admin.logentry",
        "pk": 65,
        "fields": {
            "action_time": "2024-03-16T21:37:54.447Z",
            "user": 1,
            "content_type": 9,
            "object_id": "17",
            "object_repr": "HP H23",
            "action_flag": 1,
            "change_message": "[{\"added\": {}}]"
        }
    },
    {
        "model": "admin.logentry",
        "pk": 66,
        "fields": {
            "action_time": "2024-03-17T21:08:02.662Z",
            "user": 1,
            "content_type": 9,
            "object_id": "1",
            "object_repr": "Mens wear-1",
            "action_flag": 2,
            "change_message": "[{\"changed\": {\"fields\": [\"Brand\", \"Availability\"]}}]"
        }
    },
    {
        "model": "admin.logentry",
        "pk": 67,
        "fields": {
            "action_time": "2024-03-17T21:08:14.519Z",
            "user": 1,
            "content_type": 9,
            "object_id": "2",
            "object_repr": "Mens wear-2",
            "action_flag": 2,
            "change_message": "[{\"changed\": {\"fields\": [\"Brand\", \"Availability\"]}}]"
        }
    },
    {
        "model": "admin.logentry",
        "pk": 68,
        "fields": {
            "action_time": "2024-03-17T21:08:26.401Z",
            "user": 1,
            "content_type": 9,
            "object_id": "4",
            "object_repr": "Mobile cases for android",
            "action_flag": 2,
            "change_message": "[{\"changed\": {\"fields\": [\"Brand\", \"Availability\"]}}]"
        }
    },
    {
        "model": "admin.logentry",
        "pk": 69,
        "fields": {
            "action_time": "2024-04-02T19:42:56.054Z",
            "user": 1,
            "content_type": 11,
            "object_id": "16",
            "object_repr": "Sunglasses for Men-2",
            "action_flag": 3,
            "change_message": ""
        }
    },
    {
        "model": "admin.logentry",
        "pk": 70,
        "fields": {
            "action_time": "2024-04-02T19:42:56.064Z",
            "user": 1,
            "content_type": 11,
            "object_id": "15",
            "object_repr": "Mobile cases for android",
            "action_flag": 3,
            "change_message": ""
        }
    },
    {
        "model": "admin.logentry",
        "pk": 71,
        "fields": {
            "action_time": "2024-04-02T19:42:56.069Z",
            "user": 1,
            "content_type": 11,
            "object_id": "14",
            "object_repr": "Laptop-1",
            "action_flag": 3,
            "change_message": ""
        }
    },
    {
        "model": "admin.logentry",
        "pk": 72,
        "fields": {
            "action_time": "2024-04-02T19:42:56.074Z",
            "user": 1,
            "content_type": 11,
            "object_id": "13",
            "object_repr": "Mens wear-1",
            "action_flag": 3,
            "change_message": ""
        }
    },
    {
        "model": "admin.logentry",
        "pk": 73,
        "fields": {
            "action_time": "2024-04-02T19:42:56.080Z",
            "user": 1,
            "content_type": 11,
            "object_id": "12",
            "object_repr": "Sunglasses for Men-1",
            "action_flag": 3,
            "change_message": ""
        }
    },
    {
        "model": "admin.logentry",
        "pk": 74,
        "fields": {
            "action_time": "2024-04-03T09:55:14.861Z",
            "user": 1,
            "content_type": 11,
            "object_id": "20",
            "object_repr": "Iphone 15",
            "action_flag": 3,
            "change_message": ""
        }
    },
    {
        "model": "admin.logentry",
        "pk": 75,
        "fields": {
            "action_time": "2024-04-03T09:55:14.870Z",
            "user": 1,
            "content_type": 11,
            "object_id": "19",
            "object_repr": "Mobile cases for android",
            "action_flag": 3,
            "change_message": ""
        }
    },
    {
        "model": "admin.logentry",
        "pk": 76,
        "fields": {
            "action_time": "2024-04-03T09:55:14.875Z",
            "user": 1,
            "content_type": 11,
            "object_id": "18",
            "object_repr": "RAY-Ban - 1",
            "action_flag": 3,
            "change_message": ""
        }
    },
    {
        "model": "admin.logentry",
        "pk": 77,
        "fields": {
            "action_time": "2024-04-03T09:55:14.879Z",
            "user": 1,
            "content_type": 11,
            "object_id": "17",
            "object_repr": "Iphone 15",
            "action_flag": 3,
            "change_message": ""
        }
    },
    {
        "model": "admin.logentry",
        "pk": 78,
        "fields": {
            "action_time": "2024-04-03T12:47:27.020Z",
            "user": 1,
            "content_type": 11,
            "object_id": "34",
            "object_repr": "Mobile cases for android",
            "action_flag": 3,
            "change_message": ""
        }
    },
    {
        "model": "admin.logentry",
        "pk": 79,
        "fields": {
            "action_time": "2024-04-03T12:47:27.027Z",
            "user": 1,
            "content_type": 11,
            "object_id": "33",
            "object_repr": "Mens wear-1",
            "action_flag": 3,
            "change_message": ""
        }
    },
    {
        "model": "admin.logentry",
        "pk": 80,
        "fields": {
            "action_time": "2024-04-03T12:47:27.033Z",
            "user": 1,
            "content_type": 11,
            "object_id": "32",
            "object_repr": "Mens wear-2",
            "action_flag": 3,
            "change_message": ""
        }
    },
    {
        "model": "admin.logentry",
        "pk": 81,
        "fields": {
            "action_time": "2024-04-03T12:47:27.037Z",
            "user": 1,
            "content_type": 11,
            "object_id": "31",
            "object_repr": "Mens wear-1",
            "action_flag": 3,
            "change_message": ""
        }
    },
    {
        "model": "admin.logentry",
        "pk": 82,
        "fields": {
            "action_time": "2024-04-03T12:47:27.041Z",
            "user": 1,
            "content_type": 11,
            "object_id": "30",
            "object_repr": "Laptop-1",
            "action_flag": 3,
            "change_message": ""
        }
    },
    {
        "model": "admin.logentry",
        "pk": 83,
        "fields": {
            "action_time": "2024-04-03T12:47:27.045Z",
            "user": 1,
            "content_type": 11,
            "object_id": "29",
            "object_repr": "Mens wear-2",
            "action_flag": 3,
            "change_message": ""
        }
    },
    {
        "model": "admin.logentry",
        "pk": 84,
        "fields": {
            "action_time": "2024-04-03T12:47:27.048Z",
            "user": 1,
            "content_type": 11,
            "object_id": "28",
            "object_repr": "Laptop-1",
            "action_flag": 3,
            "change_message": ""
        }
    },
    {
        "model": "admin.logentry",
        "pk": 85,
        "fields": {
            "action_time": "2024-04-03T12:47:27.052Z",
            "user": 1,
            "content_type": 11,
            "object_id": "27",
            "object_repr": "Mens wear-1",
            "action_flag": 3,
            "change_message": ""
        }
    },
    {
        "model": "admin.logentry",
        "pk": 86,
        "fields": {
            "action_time": "2024-04-03T12:47:27.060Z",
            "user": 1,
            "content_type": 11,
            "object_id": "26",
            "object_repr": "Laptop-1",
            "action_flag": 3,
            "change_message": ""
        }
    },
    {
        "model": "admin.logentry",
        "pk": 87,
        "fields": {
            "action_time": "2024-04-03T12:47:27.065Z",
            "user": 1,
            "content_type": 11,
            "object_id": "25",
            "object_repr": "Mens wear-1",
            "action_flag": 3,
            "change_message": ""
        }
    },
    {
        "model": "admin.logentry",
        "pk": 88,
        "fields": {
            "action_time": "2024-04-03T12:47:27.070Z",
            "user": 1,
            "content_type": 11,
            "object_id": "24",
            "object_repr": "Laptop-1",
            "action_flag": 3,
            "change_message": ""
        }
    },
    {
        "model": "admin.logentry",
        "pk": 89,
        "fields": {
            "action_time": "2024-04-03T12:47:27.074Z",
            "user": 1,
            "content_type": 11,
            "object_id": "23",
            "object_repr": "Mens wear-1",
            "action_flag": 3,
            "change_message": ""
        }
    },
    {
        "model": "admin.logentry",
        "pk": 90,
        "fields": {
            "action_time": "2024-04-03T12:47:27.077Z",
            "user": 1,
            "content_type": 11,
            "object_id": "22",
            "object_repr": "Laptop-1",
            "action_flag": 3,
            "change_message": ""
        }
    },
    {
        "model": "admin.logentry",
        "pk": 91,
        "fields": {
            "action_time": "2024-04-03T12:47:27.081Z",
            "user": 1,
            "content_type": 11,
            "object_id": "21",
            "object_repr": "Mens wear-1",
            "action_flag": 3,
            "change_message": ""
        }
    },
    {
        "model": "admin.logentry",
        "pk": 92,
        "fields": {
            "action_time": "2024-04-03T12:49:54.238Z",
            "user": 1,
            "content_type": 11,
            "object_id": "35",
            "object_repr": "Laptop-1",
            "action_flag": 3,
            "change_message": ""
        }
    },
    {
        "model": "admin.logentry",
        "pk": 93,
        "fields": {
            "action_time": "2024-04-03T12:50:44.317Z",
            "user": 1,
            "content_type": 11,
            "object_id": "36",
            "object_repr": "Mens wear-1",
            "action_flag": 3,
            "change_message": ""
        }
    },
    {
        "model": "admin.logentry",
        "pk": 94,
        "fields": {
            "action_time": "2024-04-03T13:01:49.466Z",
            "user": 1,
            "content_type": 11,
            "object_id": "39",
            "object_repr": "Mens wear-1",
            "action_flag": 3,
            "change_message": ""
        }
    },
    {
        "model": "admin.logentry",
        "pk": 95,
        "fields": {
            "action_time": "2024-04-03T13:01:49.473Z",
            "user": 1,
            "content_type": 11,
            "object_id": "38",
            "object_repr": "Laptop-1",
            "action_flag": 3,
            "change_message": ""
        }
    },
    {
        "model": "admin.logentry",
        "pk": 96,
        "fields": {
            "action_time": "2024-04-03T13:01:49.478Z",
            "user": 1,
            "content_type": 11,
            "object_id": "37",
            "object_repr": "OnePlus 12R",
            "action_flag": 3,
            "change_message": ""
        }
    },
    {
        "model": "admin.logentry",
        "pk": 97,
        "fields": {
            "action_time": "2024-04-03T13:07:05.066Z",
            "user": 1,
            "content_type": 11,
            "object_id": "41",
            "object_repr": "Sunglasses for Men-1",
            "action_flag": 3,
            "change_message": ""
        }
    },
    {
        "model": "admin.logentry",
        "pk": 98,
        "fields": {
            "action_time": "2024-04-03T13:07:05.074Z",
            "user": 1,
            "content_type": 11,
            "object_id": "40",
            "object_repr": "Mobile cases for iphone",
            "action_flag": 3,
            "change_message": ""
        }
    },
    {
        "model": "admin.logentry",
        "pk": 99,
        "fields": {
            "action_time": "2024-04-03T13:07:45.497Z",
            "user": 1,
            "content_type": 11,
            "object_id": "42",
            "object_repr": "Iphone 15",
            "action_flag": 3,
            "change_message": ""
        }
    },
    {
        "model": "admin.logentry",
        "pk": 100,
        "fields": {
            "action_time": "2024-04-03T13:13:49.964Z",
            "user": 1,
            "content_type": 11,
            "object_id": "43",
            "object_repr": "Laptop-1",
            "action_flag": 3,
            "change_message": ""
        }
    },
    {
        "model": "admin.logentry",
        "pk": 101,
        "fields": {
            "action_time": "2024-04-03T13:21:58.325Z",
            "user": 1,
            "content_type": 11,
            "object_id": "45",
            "object_repr": "Mens wear-1",
            "action_flag": 3,
            "change_message": ""
        }
    },
    {
        "model": "admin.logentry",
        "pk": 102,
        "fields": {
            "action_time": "2024-04-03T13:21:58.332Z",
            "user": 1,
            "content_type": 11,
            "object_id": "44",
            "object_repr": "Laptop-1",
            "action_flag": 3,
            "change_message": ""
        }
    },
    {
        "model": "admin.logentry",
        "pk": 103,
        "fields": {
            "action_time": "2024-04-03T18:23:57.978Z",
            "user": 1,
            "content_type": 11,
            "object_id": "54",
            "object_repr": "Mobile cases for android",
            "action_flag": 3,
            "change_message": ""
        }
    },
    {
        "model": "admin.logentry",
        "pk": 104,
        "fields": {
            "action_time": "2024-04-03T18:23:57.992Z",
            "user": 1,
            "content_type": 11,
            "object_id": "53",
            "object_repr": "Xiaomi 12 Pro",
            "action_flag": 3,
            "change_message": ""
        }
    },
    {
        "model": "admin.logentry",
        "pk": 105,
        "fields": {
            "action_time": "2024-04-03T18:23:58.005Z",
            "user": 1,
            "content_type": 11,
            "object_id": "52",
            "object_repr": "Xiaomi 12 Pro",
            "action_flag": 3,
            "change_message": ""
        }
    },
    {
        "model": "admin.logentry",
        "pk": 106,
        "fields": {
            "action_time": "2024-04-03T18:23:58.022Z",
            "user": 1,
            "content_type": 11,
            "object_id": "51",
            "object_repr": "Laptop-1",
            "action_flag": 3,
            "change_message": ""
        }
    },
    {
        "model": "admin.logentry",
        "pk": 107,
        "fields": {
            "action_time": "2024-04-03T18:23:58.035Z",
            "user": 1,
            "content_type": 11,
            "object_id": "50",
            "object_repr": "Laptop-1",
            "action_flag": 3,
            "change_message": ""
        }
    },
    {
        "model": "admin.logentry",
        "pk": 108,
        "fields": {
            "action_time": "2024-04-03T18:23:58.048Z",
            "user": 1,
            "content_type": 11,
            "object_id": "49",
            "object_repr": "Laptop-1",
            "action_flag": 3,
            "change_message": ""
        }
    },
    {
        "model": "admin.logentry",
        "pk": 109,
        "fields": {
            "action_time": "2024-04-03T18:23:58.062Z",
            "user": 1,
            "content_type": 11,
            "object_id": "48",
            "object_repr": "Laptop-1",
            "action_flag": 3,
            "change_message": ""
        }
    },
    {
        "model": "admin.logentry",
        "pk": 110,
        "fields": {
            "action_time": "2024-04-03T18:23:58.076Z",
            "user": 1,
            "content_type": 11,
            "object_id": "47",
            "object_repr": "Laptop-1",
            "action_flag": 3,
            "change_message": ""
        }
    },
    {
        "model": "admin.logentry",
        "pk": 111,
        "fields": {
            "action_time": "2024-04-03T18:23:58.090Z",
            "user": 1,
            "content_type": 11,
            "object_id": "46",
            "object_repr": "Mens wear-1",
            "action_flag": 3,
            "change_message": ""
        }
    },
    {
        "model": "admin.logentry",
        "pk": 112,
        "fields": {
            "action_time": "2024-04-14T10:13:33.790Z",
            "user": 1,
            "content_type": 11,
            "object_id": "55",
            "object_repr": "Mens wear-2",
            "action_flag": 3,
            "change_message": ""
        }
    },
    {
        "model": "admin.logentry",
        "pk": 113,
        "fields": {
            "action_time": "2024-04-14T10:14:14.686Z",
            "user": 1,
            "content_type": 7,
            "object_id": "3",
            "object_repr": "Smart Phones",
            "action_flag": 2,
            "change_message": "[{\"changed\": {\"fields\": [\"Name\"]}}]"
        }
    },
    {
        "model": "admin.logentry",
        "pk": 114,
        "fields": {
            "action_time": "2024-04-14T10:14:35.532Z",
            "user": 1,
            "content_type": 7,
            "object_id": "1",
            "object_repr": "Clothing",
            "action_flag": 2,
            "change_message": "[{\"changed\": {\"fields\": [\"Name\"]}}]"
        }
    },
    {
        "model": "admin.logentry",
        "pk": 115,
        "fields": {
            "action_time": "2024-04-14T10:14:47.404Z",
            "user": 1,
            "content_type": 7,
            "object_id": "4",
            "object_repr": "Wearables",
            "action_flag": 1,
            "change_message": "[{\"added\": {}}]"
        }
    },
    {
        "model": "admin.logentry",
        "pk": 116,
        "fields": {
            "action_time": "2024-04-14T10:21:39.464Z",
            "user": 1,
            "content_type": 8,
            "object_id": "2",
            "object_repr": "Sunglasses",
            "action_flag": 2,
            "change_message": "[{\"changed\": {\"fields\": [\"Category\"]}}]"
        }
    },
    {
        "model": "admin.logentry",
        "pk": 117,
        "fields": {
            "action_time": "2024-04-14T10:21:45.609Z",
            "user": 1,
            "content_type": 8,
            "object_id": "2",
            "object_repr": "Sunglasses",
            "action_flag": 2,
            "change_message": "[{\"changed\": {\"fields\": [\"Category\"]}}]"
        }
    },
    {
        "model": "admin.logentry",
        "pk": 118,
        "fields": {
            "action_time": "2024-04-14T10:22:18.509Z",
            "user": 1,
            "content_type": 8,
            "object_id": "3",
            "object_repr": "Game Zones",
            "action_flag": 3,
            "change_message": ""
        }
    },
    {
        "model": "admin.logentry",
        "pk": 119,
        "fields": {
            "action_time": "2024-04-14T10:28:09.458Z",
            "user": 1,
            "content_type": 9,
            "object_id": "2",
            "object_repr": "Levi's Black t-shirt",
            "action_flag": 2,
            "change_message": "[{\"changed\": {\"fields\": [\"Image\", \"Name\", \"Price\"]}}]"
        }
    },
    {
        "model": "admin.logentry",
        "pk": 120,
        "fields": {
            "action_time": "2024-04-14T10:28:38.883Z",
            "user": 1,
            "content_type": 9,
            "object_id": "9",
            "object_repr": "Iphone  14",
            "action_flag": 2,
            "change_message": "[{\"changed\": {\"fields\": [\"Image\", \"Availability\"]}}]"
        }
    },
    {
        "model": "admin.logentry",
        "pk": 121,
        "fields": {
            "action_time": "2024-04-14T10:28:52.942Z",
            "user": 1,
            "content_type": 9,
            "object_id": "8",
            "object_repr": "Iphone 15",
            "action_flag": 2,
            "change_message": "[{\"changed\": {\"fields\": [\"Image\", \"Availability\"]}}]"
        }
    },
    {
        "model": "admin.logentry",
        "pk": 122,
        "fields": {
            "action_time": "2024-04-14T10:33:04.027Z",
            "user": 1,
            "content_type": 9,
            "object_id": "1",
            "object_repr": "U.S.Polo Collection-1",
            "action_flag": 2,
            "change_message": "[{\"changed\": {\"fields\": [\"Image\", \"Name\", \"Price\"]}}]"
        }
    },
    {
        "model": "admin.logentry",
        "pk": 123,
        "fields": {
            "action_time": "2024-04-14T10:34:45.975Z",
            "user": 1,
            "content_type": 9,
            "object_id": "1",
            "object_repr": "U.S.Polo Collection-1",
            "action_flag": 2,
            "change_message": "[{\"changed\": {\"fields\": [\"Image\"]}}]"
        }
    },
    {
        "model": "admin.logentry",
        "pk": 124,
        "fields": {
            "action_time": "2024-04-14T10:35:03.243Z",
            "user": 1,
            "content_type": 9,
            "object_id": "1",
            "object_repr": "U.S.Polo Red",
            "action_flag": 2,
            "change_message": "[{\"changed\": {\"fields\": [\"Name\"]}}]"
        }
    },
    {
        "model": "admin.logentry",
        "pk": 125,
        "fields": {
            "action_time": "2024-04-14T10:44:04.174Z",
            "user": 1,
            "content_type": 9,
            "object_id": "3",
            "object_repr": "MacBook",
            "action_flag": 2,
            "change_message": "[{\"changed\": {\"fields\": [\"Brand\", \"Image\", \"Name\", \"Price\", \"Availability\"]}}]"
        }
    },
    {
        "model": "admin.logentry",
        "pk": 126,
        "fields": {
            "action_time": "2024-04-14T11:07:22.111Z",
            "user": 1,
            "content_type": 9,
            "object_id": "3",
            "object_repr": "MacBook",
            "action_flag": 2,
            "change_message": "[{\"changed\": {\"fields\": [\"Image\"]}}]"
        }
    },
    {
        "model": "admin.logentry",
        "pk": 127,
        "fields": {
            "action_time": "2024-04-14T11:38:32.630Z",
            "user": 1,
            "content_type": 9,
            "object_id": "6",
            "object_repr": "Fasttrack Summer collection-1",
            "action_flag": 2,
            "change_message": "[{\"changed\": {\"fields\": [\"Brand\", \"Name\", \"Availability\"]}}]"
        }
    },
    {
        "model": "admin.logentry",
        "pk": 128,
        "fields": {
            "action_time": "2024-04-14T11:38:50.440Z",
            "user": 1,
            "content_type": 9,
            "object_id": "7",
            "object_repr": "Fasttrack Summer collection-2",
            "action_flag": 2,
            "change_message": "[{\"changed\": {\"fields\": [\"Brand\", \"Name\", \"Availability\"]}}]"
        }
    },
    {
        "model": "admin.logentry",
        "pk": 129,
        "fields": {
            "action_time": "2024-04-14T11:39:18.252Z",
            "user": 1,
            "content_type": 9,
            "object_id": "6",
            "object_repr": "Fastrack Summer collection-1",
            "action_flag": 2,
            "change_message": "[{\"changed\": {\"fields\": [\"Name\"]}}]"
        }
    },
    {
        "model": "admin.logentry",
        "pk": 130,
        "fields": {
            "action_time": "2024-04-14T11:39:23.280Z",
            "user": 1,
            "content_type": 9,
            "object_id": "7",
            "object_repr": "Fastrack Summer collection-2",
            "action_flag": 2,
            "change_message": "[{\"changed\": {\"fields\": [\"Name\"]}}]"
        }
    },
    {
        "model": "admin.logentry",
        "pk": 131,
        "fields": {
            "action_time": "2024-04-14T11:52:03.029Z",
            "user": 1,
            "content_type": 9,
            "object_id": "3",
            "object_repr": "MacBook",
            "action_flag": 2,
            "change_message": "[{\"changed\": {\"fields\": [\"Image\"]}}]"
        }
    },
    {
        "model": "admin.logentry",
        "pk": 132,
        "fields": {
            "action_time": "2024-04-14T12:05:47.725Z",
            "user": 1,
            "content_type": 9,
            "object_id": "14",
            "object_repr": "RAY-Ban - 1",
            "action_flag": 2,
            "change_message": "[{\"changed\": {\"fields\": [\"Image\", \"Availability\"]}}]"
        }
    },
    {
        "model": "admin.logentry",
        "pk": 133,
        "fields": {
            "action_time": "2024-04-14T12:05:58.071Z",
            "user": 1,
            "content_type": 9,
            "object_id": "15",
            "object_repr": "RAY-Ban - 2",
            "action_flag": 2,
            "change_message": "[{\"changed\": {\"fields\": [\"Availability\"]}}]"
        }
    },
    {
        "model": "admin.logentry",
        "pk": 134,
        "fields": {
            "action_time": "2024-04-14T12:06:11.757Z",
            "user": 1,
            "content_type": 9,
            "object_id": "15",
            "object_repr": "RAY-Ban - 2",
            "action_flag": 2,
            "change_message": "[{\"changed\": {\"fields\": [\"Image\"]}}]"
        }
    },
    {
        "model": "admin.logentry",
        "pk": 135,
        "fields": {
            "action_time": "2024-04-14T12:06:46.478Z",
            "user": 1,
            "content_type": 9,
            "object_id": "3",
            "object_repr": "Mac Book",
            "action_flag": 2,
            "change_message": "[{\"changed\": {\"fields\": [\"Name\"]}}]"
        }
    },
    {
        "model": "admin.logentry",
        "pk": 136,
        "fields": {
            "action_time": "2024-04-14T12:06:51.040Z",
            "user": 1,
            "content_type": 9,
            "object_id": "17",
            "object_repr": "HP H23",
            "action_flag": 2,
            "change_message": "[{\"changed\": {\"fields\": [\"Availability\"]}}]"
        }
    },
    {
        "model": "admin.logentry",
        "pk": 137,
        "fields": {
            "action_time": "2024-04-14T12:06:55.305Z",
            "user": 1,
            "content_type": 9,
            "object_id": "16",
            "object_repr": "Acer A35",
            "action_flag": 2,
            "change_message": "[{\"changed\": {\"fields\": [\"Availability\"]}}]"
        }
    },
    {
        "model": "admin.logentry",
        "pk": 138,
        "fields": {
            "action_time": "2024-04-14T12:06:59.305Z",
            "user": 1,
            "content_type": 9,
            "object_id": "13",
            "object_repr": "Levi's Blue",
            "action_flag": 2,
            "change_message": "[{\"changed\": {\"fields\": [\"Availability\"]}}]"
        }
    },
    {
        "model": "admin.logentry",
        "pk": 139,
        "fields": {
            "action_time": "2024-04-14T12:07:03.219Z",
            "user": 1,
            "content_type": 9,
            "object_id": "11",
            "object_repr": "Xiaomi 12 Pro",
            "action_flag": 2,
            "change_message": "[{\"changed\": {\"fields\": [\"Availability\"]}}]"
        }
    },
    {
        "model": "admin.logentry",
        "pk": 140,
        "fields": {
            "action_time": "2024-04-14T12:07:07.079Z",
            "user": 1,
            "content_type": 9,
            "object_id": "10",
            "object_repr": "OnePlus 12R",
            "action_flag": 2,
            "change_message": "[{\"changed\": {\"fields\": [\"Availability\"]}}]"
        }
    },
    {
        "model": "admin.logentry",
        "pk": 141,
        "fields": {
            "action_time": "2024-04-14T12:07:16.106Z",
            "user": 1,
            "content_type": 9,
            "object_id": "12",
            "object_repr": "U.S. Polo Mid Orange",
            "action_flag": 2,
            "change_message": "[{\"changed\": {\"fields\": [\"Availability\"]}}]"
        }
    },
    {
        "model": "admin.logentry",
        "pk": 142,
        "fields": {
            "action_time": "2024-04-14T12:08:17.385Z",
            "user": 1,
            "content_type": 12,
            "object_id": "10",
            "object_repr": "SUPCASE",
            "action_flag": 1,
            "change_message": "[{\"added\": {}}]"
        }
    },
    {
        "model": "admin.logentry",
        "pk": 143,
        "fields": {
            "action_time": "2024-04-14T12:08:38.255Z",
            "user": 1,
            "content_type": 9,
            "object_id": "5",
            "object_repr": "Mobile cases for iphone",
            "action_flag": 2,
            "change_message": "[{\"changed\": {\"fields\": [\"Brand\", \"Availability\"]}}]"
        }
    },
    {
        "model": "admin.logentry",
        "pk": 144,
        "fields": {
            "action_time": "2024-04-14T12:08:46.961Z",
            "user": 1,
            "content_type": 9,
            "object_id": "4",
            "object_repr": "Mobile cases for android",
            "action_flag": 2,
            "change_message": "[{\"changed\": {\"fields\": [\"Brand\", \"Availability\"]}}]"
        }
    },
    {
        "model": "admin.logentry",
        "pk": 145,
        "fields": {
            "action_time": "2024-04-14T12:28:42.485Z",
            "user": 1,
            "content_type": 9,
            "object_id": "18",
            "object_repr": "HP 4AC",
            "action_flag": 1,
            "change_message": "[{\"added\": {}}]"
        }
    },
    {
        "model": "admin.logentry",
        "pk": 146,
        "fields": {
            "action_time": "2024-04-14T12:54:34.912Z",
            "user": 1,
            "content_type": 11,
            "object_id": "56",
            "object_repr": "Xiaomi 12 Pro",
            "action_flag": 3,
            "change_message": ""
        }
    },
    {
        "model": "admin.logentry",
        "pk": 147,
        "fields": {
            "action_time": "2024-04-14T18:40:15.344Z",
            "user": 1,
            "content_type": 9,
            "object_id": "14",
            "object_repr": "RAY-Ban - Mens",
            "action_flag": 2,
            "change_message": "[{\"changed\": {\"fields\": [\"Name\"]}}]"
        }
    },
    {
        "model": "admin.logentry",
        "pk": 148,
        "fields": {
            "action_time": "2024-04-14T18:40:36.136Z",
            "user": 1,
            "content_type": 9,
            "object_id": "15",
            "object_repr": "RAY-Ban - Women",
            "action_flag": 2,
            "change_message": "[{\"changed\": {\"fields\": [\"Name\"]}}]"
        }
    },
    {
        "model": "admin.logentry",
        "pk": 149,
        "fields": {
            "action_time": "2024-04-14T18:40:41.725Z",
            "user": 1,
            "content_type": 9,
            "object_id": "14",
            "object_repr": "RAY-Ban - Men",
            "action_flag": 2,
            "change_message": "[{\"changed\": {\"fields\": [\"Name\"]}}]"
        }
    },
    {
        "model": "admin.logentry",
        "pk": 150,
        "fields": {
            "action_time": "2024-04-14T18:56:59.372Z",
            "user": 1,
            "content_type": 9,
            "object_id": "3",
            "object_repr": "MacBook",
            "action_flag": 2,
            "change_message": "[{\"changed\": {\"fields\": [\"Name\"]}}]"
        }
    },
    {
        "model": "admin.logentry",
        "pk": 151,
        "fields": {
            "action_time": "2024-04-14T19:56:07.115Z",
            "user": 1,
            "content_type": 9,
            "object_id": "16",
            "object_repr": "Acer A35",
            "action_flag": 2,
            "change_message": "[{\"changed\": {\"fields\": [\"Image\"]}}]"
        }
    },
    {
        "model": "admin.logentry",
        "pk": 152,
        "fields": {
            "action_time": "2024-04-14T19:56:19.163Z",
            "user": 1,
            "content_type": 9,
            "object_id": "17",
            "object_repr": "HP H23",
            "action_flag": 2,
            "change_message": "[{\"changed\": {\"fields\": [\"Image\"]}}]"
        }
    },
    {
        "model": "admin.logentry",
        "pk": 153,
        "fields": {
            "action_time": "2024-04-14T19:56:53.291Z",
            "user": 1,
            "content_type": 9,
            "object_id": "3",
            "object_repr": "MacBook",
            "action_flag": 2,
            "change_message": "[{\"changed\": {\"fields\": [\"Image\"]}}]"
        }
    },
    {
        "model": "admin.logentry",
        "pk": 154,
        "fields": {
            "action_time": "2024-04-14T19:57:54.954Z",
            "user": 1,
            "content_type": 9,
            "object_id": "16",
            "object_repr": "Acer A35",
            "action_flag": 2,
            "change_message": "[{\"changed\": {\"fields\": [\"Image\"]}}]"
        }
    },
    {
        "model": "admin.logentry",
        "pk": 155,
        "fields": {
            "action_time": "2024-04-14T19:58:55.206Z",
            "user": 1,
            "content_type": 9,
            "object_id": "16",
            "object_repr": "Acer A35",
            "action_flag": 2,
            "change_message": "[{\"changed\": {\"fields\": [\"Image\"]}}]"
        }
    },
    {
        "model": "admin.logentry",
        "pk": 156,
        "fields": {
            "action_time": "2024-04-26T13:09:02.383Z",
            "user": 1,
            "content_type": 10,
            "object_id": "3",
            "object_repr": "Deep",
            "action_flag": 3,
            "change_message": ""
        }
    },
    {
        "model": "admin.logentry",
        "pk": 157,
        "fields": {
            "action_time": "2024-04-26T13:09:02.391Z",
            "user": 1,
            "content_type": 10,
            "object_id": "2",
            "object_repr": "k",
            "action_flag": 3,
            "change_message": ""
        }
    },
    {
        "model": "admin.logentry",
        "pk": 158,
        "fields": {
            "action_time": "2024-04-26T13:09:02.395Z",
            "user": 1,
            "content_type": 10,
            "object_id": "1",
            "object_repr": "k",
            "action_flag": 3,
            "change_message": ""
        }
    },
    {
        "model": "admin.logentry",
        "pk": 159,
        "fields": {
            "action_time": "2024-04-26T13:27:44.801Z",
            "user": 1,
            "content_type": 11,
            "object_id": "57",
            "object_repr": "Levi's Black t-shirt",
            "action_flag": 3,
            "change_message": ""
        }
    },
    {
        "model": "admin.logentry",
        "pk": 160,
        "fields": {
            "action_time": "2024-04-26T20:09:16.171Z",
            "user": 1,
            "content_type": 13,
            "object_id": "2",
            "object_repr": "Clothing",
            "action_flag": 3,
            "change_message": ""
        }
    },
    {
        "model": "admin.logentry",
        "pk": 161,
        "fields": {
            "action_time": "2024-04-26T20:14:49.595Z",
            "user": 1,
            "content_type": 13,
            "object_id": "4",
            "object_repr": "ss",
            "action_flag": 3,
            "change_message": ""
        }
    },
    {
        "model": "admin.logentry",
        "pk": 162,
        "fields": {
            "action_time": "2024-04-26T20:14:49.601Z",
            "user": 1,
            "content_type": 13,
            "object_id": "3",
            "object_repr": "Clothing",
            "action_flag": 3,
            "change_message": ""
        }
    },
    {
        "model": "admin.logentry",
        "pk": 163,
        "fields": {
            "action_time": "2024-04-27T09:55:26.260Z",
            "user": 1,
            "content_type": 11,
            "object_id": "58",
            "object_repr": "U.S.Polo Red",
            "action_flag": 3,
            "change_message": ""
        }
    },
    {
        "model": "admin.logentry",
        "pk": 164,
        "fields": {
            "action_time": "2024-04-27T11:21:53.515Z",
            "user": 1,
            "content_type": 14,
            "object_id": "1",
            "object_repr": "What payment methods do you accept?",
            "action_flag": 1,
            "change_message": "[{\"added\": {}}]"
        }
    },
    {
        "model": "admin.logentry",
        "pk": 165,
        "fields": {
            "action_time": "2024-04-27T11:22:16.894Z",
            "user": 1,
            "content_type": 14,
            "object_id": "2",
            "object_repr": "Can I return or exchange an item?",
            "action_flag": 1,
            "change_message": "[{\"added\": {}}]"
        }
    },
    {
        "model": "admin.logentry",
        "pk": 166,
        "fields": {
            "action_time": "2024-04-27T11:22:50.037Z",
            "user": 1,
            "content_type": 14,
            "object_id": "3",
            "object_repr": "How can I contact customer support?",
            "action_flag": 1,
            "change_message": "[{\"added\": {}}]"
        }
    },
    {
        "model": "admin.logentry",
        "pk": 167,
        "fields": {
            "action_time": "2024-04-27T11:23:06.336Z",
            "user": 1,
            "content_type": 14,
            "object_id": "4",
            "object_repr": "Are all products on your website authentic?",
            "action_flag": 1,
            "change_message": "[{\"added\": {}}]"
        }
    },
    {
        "model": "admin.logentry",
        "pk": 168,
        "fields": {
            "action_time": "2024-04-27T11:23:29.289Z",
            "user": 1,
            "content_type": 14,
            "object_id": "5",
            "object_repr": "How can I reset my password?",
            "action_flag": 1,
            "change_message": "[{\"added\": {}}]"
        }
    },
    {
        "model": "admin.logentry",
        "pk": 169,
        "fields": {
            "action_time": "2024-04-27T12:23:19.403Z",
            "user": 1,
            "content_type": 14,
            "object_id": "5",
            "object_repr": "How can I reset my password?",
            "action_flag": 2,
            "change_message": "[{\"changed\": {\"fields\": [\"Answer\"]}}]"
        }
    },
    {
        "model": "admin.logentry",
        "pk": 170,
        "fields": {
            "action_time": "2024-04-27T19:51:51.178Z",
            "user": 1,
            "content_type": 11,
            "object_id": "60",
            "object_repr": "Xiaomi 12 Pro",
            "action_flag": 3,
            "change_message": ""
        }
    },
    {
        "model": "admin.logentry",
        "pk": 171,
        "fields": {
            "action_time": "2024-04-27T19:51:51.183Z",
            "user": 1,
            "content_type": 11,
            "object_id": "59",
            "object_repr": "U.S.Polo Red",
            "action_flag": 3,
            "change_message": ""
        }
    },
    {
        "model": "admin.logentry",
        "pk": 172,
        "fields": {
            "action_time": "2024-04-27T20:22:23.576Z",
            "user": 1,
            "content_type": 15,
            "object_id": "1",
            "object_repr": "About object (1)",
            "action_flag": 3,
            "change_message": ""
        }
    },
    {
        "model": "admin.logentry",
        "pk": 173,
        "fields": {
            "action_time": "2024-04-27T20:22:37.623Z",
            "user": 1,
            "content_type": 15,
            "object_id": "2",
            "object_repr": "About object (2)",
            "action_flag": 3,
            "change_message": ""
        }
    },
    {
        "model": "admin.logentry",
        "pk": 174,
        "fields": {
            "action_time": "2024-04-27T21:50:21.285Z",
            "user": 1,
            "content_type": 15,
            "object_id": "15",
            "object_repr": "About object (15)",
            "action_flag": 3,
            "change_message": ""
        }
    },
    {
        "model": "admin.logentry",
        "pk": 175,
        "fields": {
            "action_time": "2024-04-27T21:50:21.293Z",
            "user": 1,
            "content_type": 15,
            "object_id": "14",
            "object_repr": "About object (14)",
            "action_flag": 3,
            "change_message": ""
        }
    },
    {
        "model": "admin.logentry",
        "pk": 176,
        "fields": {
            "action_time": "2024-04-27T21:50:21.297Z",
            "user": 1,
            "content_type": 15,
            "object_id": "13",
            "object_repr": "About object (13)",
            "action_flag": 3,
            "change_message": ""
        }
    },
    {
        "model": "admin.logentry",
        "pk": 177,
        "fields": {
            "action_time": "2024-04-27T21:50:21.301Z",
            "user": 1,
            "content_type": 15,
            "object_id": "12",
            "object_repr": "About object (12)",
            "action_flag": 3,
            "change_message": ""
        }
    },
    {
        "model": "admin.logentry",
        "pk": 178,
        "fields": {
            "action_time": "2024-04-27T21:50:21.305Z",
            "user": 1,
            "content_type": 15,
            "object_id": "11",
            "object_repr": "About object (11)",
            "action_flag": 3,
            "change_message": ""
        }
    },
    {
        "model": "admin.logentry",
        "pk": 179,
        "fields": {
            "action_time": "2024-04-27T21:50:21.309Z",
            "user": 1,
            "content_type": 15,
            "object_id": "10",
            "object_repr": "About object (10)",
            "action_flag": 3,
            "change_message": ""
        }
    },
    {
        "model": "admin.logentry",
        "pk": 180,
        "fields": {
            "action_time": "2024-04-27T21:50:21.313Z",
            "user": 1,
            "content_type": 15,
            "object_id": "9",
            "object_repr": "About object (9)",
            "action_flag": 3,
            "change_message": ""
        }
    },
    {
        "model": "admin.logentry",
        "pk": 181,
        "fields": {
            "action_time": "2024-04-27T21:50:21.317Z",
            "user": 1,
            "content_type": 15,
            "object_id": "8",
            "object_repr": "About object (8)",
            "action_flag": 3,
            "change_message": ""
        }
    },
    {
        "model": "admin.logentry",
        "pk": 182,
        "fields": {
            "action_time": "2024-04-27T21:50:21.321Z",
            "user": 1,
            "content_type": 15,
            "object_id": "7",
            "object_repr": "About object (7)",
            "action_flag": 3,
            "change_message": ""
        }
    },
    {
        "model": "admin.logentry",
        "pk": 183,
        "fields": {
            "action_time": "2024-04-27T21:50:21.326Z",
            "user": 1,
            "content_type": 15,
            "object_id": "6",
            "object_repr": "About object (6)",
            "action_flag": 3,
            "change_message": ""
        }
    },
    {
        "model": "admin.logentry",
        "pk": 184,
        "fields": {
            "action_time": "2024-04-27T21:50:21.332Z",
            "user": 1,
            "content_type": 15,
            "object_id": "5",
            "object_repr": "About object (5)",
            "action_flag": 3,
            "change_message": ""
        }
    },
    {
        "model": "admin.logentry",
        "pk": 185,
        "fields": {
            "action_time": "2024-04-27T21:50:21.338Z",
            "user": 1,
            "content_type": 15,
            "object_id": "4",
            "object_repr": "About object (4)",
            "action_flag": 3,
            "change_message": ""
        }
    },
    {
        "model": "admin.logentry",
        "pk": 186,
        "fields": {
            "action_time": "2024-04-27T21:50:21.343Z",
            "user": 1,
            "content_type": 15,
            "object_id": "3",
            "object_repr": "About object (3)",
            "action_flag": 3,
            "change_message": ""
        }
    },
    {
        "model": "admin.logentry",
        "pk": 187,
        "fields": {
            "action_time": "2024-04-28T09:42:29.132Z",
            "user": 1,
            "content_type": 15,
            "object_id": "25",
            "object_repr": "abc@gmail.com",
            "action_flag": 3,
            "change_message": ""
        }
    },
    {
        "model": "admin.logentry",
        "pk": 188,
        "fields": {
            "action_time": "2024-04-28T09:43:01.942Z",
            "user": 1,
            "content_type": 15,
            "object_id": "26",
            "object_repr": "abc",
            "action_flag": 3,
            "change_message": ""
        }
    },
    {
        "model": "admin.logentry",
        "pk": 189,
        "fields": {
            "action_time": "2024-04-28T09:43:52.806Z",
            "user": 1,
            "content_type": 15,
            "object_id": "29",
            "object_repr": "abc",
            "action_flag": 3,
            "change_message": ""
        }
    },
    {
        "model": "admin.logentry",
        "pk": 190,
        "fields": {
            "action_time": "2024-04-28T09:43:52.813Z",
            "user": 1,
            "content_type": 15,
            "object_id": "28",
            "object_repr": "",
            "action_flag": 3,
            "change_message": ""
        }
    },
    {
        "model": "admin.logentry",
        "pk": 191,
        "fields": {
            "action_time": "2024-04-29T12:05:20.479Z",
            "user": 1,
            "content_type": 13,
            "object_id": "5",
            "object_repr": "5 - KRONOS",
            "action_flag": 3,
            "change_message": ""
        }
    },
    {
        "model": "admin.logentry",
        "pk": 192,
        "fields": {
            "action_time": "2024-04-29T12:05:20.485Z",
            "user": 1,
            "content_type": 13,
            "object_id": "1",
            "object_repr": "1 - None",
            "action_flag": 3,
            "change_message": ""
        }
    },
    {
        "model": "admin.logentry",
        "pk": 193,
        "fields": {
            "action_time": "2024-04-29T12:06:07.379Z",
            "user": 1,
            "content_type": 15,
            "object_id": "64",
            "object_repr": "64 - None",
            "action_flag": 3,
            "change_message": ""
        }
    },
    {
        "model": "admin.logentry",
        "pk": 194,
        "fields": {
            "action_time": "2024-04-29T12:06:07.387Z",
            "user": 1,
            "content_type": 15,
            "object_id": "63",
            "object_repr": "63 - None",
            "action_flag": 3,
            "change_message": ""
        }
    },
    {
        "model": "admin.logentry",
        "pk": 195,
        "fields": {
            "action_time": "2024-04-29T12:06:07.392Z",
            "user": 1,
            "content_type": 15,
            "object_id": "62",
            "object_repr": "62 - None",
            "action_flag": 3,
            "change_message": ""
        }
    },
    {
        "model": "admin.logentry",
        "pk": 196,
        "fields": {
            "action_time": "2024-04-29T12:06:07.398Z",
            "user": 1,
            "content_type": 15,
            "object_id": "61",
            "object_repr": "61 - None",
            "action_flag": 3,
            "change_message": ""
        }
    },
    {
        "model": "admin.logentry",
        "pk": 197,
        "fields": {
            "action_time": "2024-04-29T12:06:07.402Z",
            "user": 1,
            "content_type": 15,
            "object_id": "60",
            "object_repr": "60 - None",
            "action_flag": 3,
            "change_message": ""
        }
    },
    {
        "model": "admin.logentry",
        "pk": 198,
        "fields": {
            "action_time": "2024-04-29T12:06:07.407Z",
            "user": 1,
            "content_type": 15,
            "object_id": "59",
            "object_repr": "59 - None",
            "action_flag": 3,
            "change_message": ""
        }
    },
    {
        "model": "admin.logentry",
        "pk": 199,
        "fields": {
            "action_time": "2024-04-29T12:06:07.411Z",
            "user": 1,
            "content_type": 15,
            "object_id": "58",
            "object_repr": "58 - None",
            "action_flag": 3,
            "change_message": ""
        }
    },
    {
        "model": "admin.logentry",
        "pk": 200,
        "fields": {
            "action_time": "2024-04-29T12:06:07.416Z",
            "user": 1,
            "content_type": 15,
            "object_id": "57",
            "object_repr": "57 - None",
            "action_flag": 3,
            "change_message": ""
        }
    },
    {
        "model": "admin.logentry",
        "pk": 201,
        "fields": {
            "action_time": "2024-04-29T12:06:07.421Z",
            "user": 1,
            "content_type": 15,
            "object_id": "56",
            "object_repr": "56 - None",
            "action_flag": 3,
            "change_message": ""
        }
    },
    {
        "model": "admin.logentry",
        "pk": 202,
        "fields": {
            "action_time": "2024-04-29T12:06:07.425Z",
            "user": 1,
            "content_type": 15,
            "object_id": "55",
            "object_repr": "55 - None",
            "action_flag": 3,
            "change_message": ""
        }
    },
    {
        "model": "admin.logentry",
        "pk": 203,
        "fields": {
            "action_time": "2024-04-29T12:06:07.429Z",
            "user": 1,
            "content_type": 15,
            "object_id": "54",
            "object_repr": "54 - None",
            "action_flag": 3,
            "change_message": ""
        }
    },
    {
        "model": "admin.logentry",
        "pk": 204,
        "fields": {
            "action_time": "2024-04-29T12:06:07.433Z",
            "user": 1,
            "content_type": 15,
            "object_id": "53",
            "object_repr": "53 - None",
            "action_flag": 3,
            "change_message": ""
        }
    },
    {
        "model": "admin.logentry",
        "pk": 205,
        "fields": {
            "action_time": "2024-04-29T12:06:07.436Z",
            "user": 1,
            "content_type": 15,
            "object_id": "52",
            "object_repr": "52 - None",
            "action_flag": 3,
            "change_message": ""
        }
    },
    {
        "model": "admin.logentry",
        "pk": 206,
        "fields": {
            "action_time": "2024-04-29T12:06:07.440Z",
            "user": 1,
            "content_type": 15,
            "object_id": "51",
            "object_repr": "51 - None",
            "action_flag": 3,
            "change_message": ""
        }
    },
    {
        "model": "admin.logentry",
        "pk": 207,
        "fields": {
            "action_time": "2024-04-29T12:06:07.443Z",
            "user": 1,
            "content_type": 15,
            "object_id": "50",
            "object_repr": "50 - None",
            "action_flag": 3,
            "change_message": ""
        }
    },
    {
        "model": "admin.logentry",
        "pk": 208,
        "fields": {
            "action_time": "2024-04-29T12:06:07.447Z",
            "user": 1,
            "content_type": 15,
            "object_id": "49",
            "object_repr": "49 - None",
            "action_flag": 3,
            "change_message": ""
        }
    },
    {
        "model": "admin.logentry",
        "pk": 209,
        "fields": {
            "action_time": "2024-04-29T12:06:07.450Z",
            "user": 1,
            "content_type": 15,
            "object_id": "48",
            "object_repr": "48 - None",
            "action_flag": 3,
            "change_message": ""
        }
    },
    {
        "model": "admin.logentry",
        "pk": 210,
        "fields": {
            "action_time": "2024-04-29T12:06:07.454Z",
            "user": 1,
            "content_type": 15,
            "object_id": "47",
            "object_repr": "47 - None",
            "action_flag": 3,
            "change_message": ""
        }
    },
    {
        "model": "admin.logentry",
        "pk": 211,
        "fields": {
            "action_time": "2024-04-29T12:06:07.459Z",
            "user": 1,
            "content_type": 15,
            "object_id": "46",
            "object_repr": "46 - None",
            "action_flag": 3,
            "change_message": ""
        }
    },
    {
        "model": "admin.logentry",
        "pk": 212,
        "fields": {
            "action_time": "2024-04-29T12:06:07.462Z",
            "user": 1,
            "content_type": 15,
            "object_id": "45",
            "object_repr": "45 - abc@gmail.com",
            "action_flag": 3,
            "change_message": ""
        }
    },
    {
        "model": "admin.logentry",
        "pk": 213,
        "fields": {
            "action_time": "2024-04-29T12:06:07.466Z",
            "user": 1,
            "content_type": 15,
            "object_id": "44",
            "object_repr": "44 - None",
            "action_flag": 3,
            "change_message": ""
        }
    },
    {
        "model": "admin.logentry",
        "pk": 214,
        "fields": {
            "action_time": "2024-04-29T12:06:07.469Z",
            "user": 1,
            "content_type": 15,
            "object_id": "43",
            "object_repr": "43 - abc@gmail.com",
            "action_flag": 3,
            "change_message": ""
        }
    },
    {
        "model": "admin.logentry",
        "pk": 215,
        "fields": {
            "action_time": "2024-04-29T12:06:07.473Z",
            "user": 1,
            "content_type": 15,
            "object_id": "42",
            "object_repr": "42 - abc@gmail.com",
            "action_flag": 3,
            "change_message": ""
        }
    },
    {
        "model": "admin.logentry",
        "pk": 216,
        "fields": {
            "action_time": "2024-04-29T12:06:07.476Z",
            "user": 1,
            "content_type": 15,
            "object_id": "41",
            "object_repr": "41 - None",
            "action_flag": 3,
            "change_message": ""
        }
    },
    {
        "model": "admin.logentry",
        "pk": 217,
        "fields": {
            "action_time": "2024-04-29T12:06:07.479Z",
            "user": 1,
            "content_type": 15,
            "object_id": "40",
            "object_repr": "40 - abc@gmail.com",
            "action_flag": 3,
            "change_message": ""
        }
    },
    {
        "model": "admin.logentry",
        "pk": 218,
        "fields": {
            "action_time": "2024-04-29T12:06:07.483Z",
            "user": 1,
            "content_type": 15,
            "object_id": "39",
            "object_repr": "39 - None",
            "action_flag": 3,
            "change_message": ""
        }
    },
    {
        "model": "admin.logentry",
        "pk": 219,
        "fields": {
            "action_time": "2024-04-29T12:06:07.487Z",
            "user": 1,
            "content_type": 15,
            "object_id": "38",
            "object_repr": "38 - None",
            "action_flag": 3,
            "change_message": ""
        }
    },
    {
        "model": "admin.logentry",
        "pk": 220,
        "fields": {
            "action_time": "2024-04-29T12:06:07.490Z",
            "user": 1,
            "content_type": 15,
            "object_id": "37",
            "object_repr": "37 - None",
            "action_flag": 3,
            "change_message": ""
        }
    },
    {
        "model": "admin.logentry",
        "pk": 221,
        "fields": {
            "action_time": "2024-04-29T12:06:07.493Z",
            "user": 1,
            "content_type": 15,
            "object_id": "36",
            "object_repr": "36 - None",
            "action_flag": 3,
            "change_message": ""
        }
    },
    {
        "model": "admin.logentry",
        "pk": 222,
        "fields": {
            "action_time": "2024-04-29T12:06:07.496Z",
            "user": 1,
            "content_type": 15,
            "object_id": "35",
            "object_repr": "35 - None",
            "action_flag": 3,
            "change_message": ""
        }
    },
    {
        "model": "admin.logentry",
        "pk": 223,
        "fields": {
            "action_time": "2024-04-29T12:06:07.501Z",
            "user": 1,
            "content_type": 15,
            "object_id": "34",
            "object_repr": "34 - None",
            "action_flag": 3,
            "change_message": ""
        }
    },
    {
        "model": "admin.logentry",
        "pk": 224,
        "fields": {
            "action_time": "2024-04-29T12:06:07.505Z",
            "user": 1,
            "content_type": 15,
            "object_id": "33",
            "object_repr": "33 - None",
            "action_flag": 3,
            "change_message": ""
        }
    },
    {
        "model": "admin.logentry",
        "pk": 225,
        "fields": {
            "action_time": "2024-04-29T12:06:07.510Z",
            "user": 1,
            "content_type": 15,
            "object_id": "32",
            "object_repr": "32 - None",
            "action_flag": 3,
            "change_message": ""
        }
    },
    {
        "model": "admin.logentry",
        "pk": 226,
        "fields": {
            "action_time": "2024-04-29T12:06:07.513Z",
            "user": 1,
            "content_type": 15,
            "object_id": "31",
            "object_repr": "31 - None",
            "action_flag": 3,
            "change_message": ""
        }
    },
    {
        "model": "admin.logentry",
        "pk": 227,
        "fields": {
            "action_time": "2024-04-29T12:06:07.517Z",
            "user": 1,
            "content_type": 15,
            "object_id": "30",
            "object_repr": "30 - None",
            "action_flag": 3,
            "change_message": ""
        }
    },
    {
        "model": "admin.logentry",
        "pk": 228,
        "fields": {
            "action_time": "2024-04-29T12:06:07.520Z",
            "user": 1,
            "content_type": 15,
            "object_id": "27",
            "object_repr": "27 - ",
            "action_flag": 3,
            "change_message": ""
        }
    },
    {
        "model": "admin.logentry",
        "pk": 229,
        "fields": {
            "action_time": "2024-04-29T12:06:07.524Z",
            "user": 1,
            "content_type": 15,
            "object_id": "24",
            "object_repr": "24 - None",
            "action_flag": 3,
            "change_message": ""
        }
    },
    {
        "model": "admin.logentry",
        "pk": 230,
        "fields": {
            "action_time": "2024-04-29T12:06:07.527Z",
            "user": 1,
            "content_type": 15,
            "object_id": "23",
            "object_repr": "23 - None",
            "action_flag": 3,
            "change_message": ""
        }
    },
    {
        "model": "admin.logentry",
        "pk": 231,
        "fields": {
            "action_time": "2024-04-29T12:06:07.531Z",
            "user": 1,
            "content_type": 15,
            "object_id": "22",
            "object_repr": "22 - None",
            "action_flag": 3,
            "change_message": ""
        }
    },
    {
        "model": "admin.logentry",
        "pk": 232,
        "fields": {
            "action_time": "2024-04-29T12:06:07.535Z",
            "user": 1,
            "content_type": 15,
            "object_id": "21",
            "object_repr": "21 - None",
            "action_flag": 3,
            "change_message": ""
        }
    },
    {
        "model": "admin.logentry",
        "pk": 233,
        "fields": {
            "action_time": "2024-04-29T12:06:07.539Z",
            "user": 1,
            "content_type": 15,
            "object_id": "20",
            "object_repr": "20 - None",
            "action_flag": 3,
            "change_message": ""
        }
    },
    {
        "model": "admin.logentry",
        "pk": 234,
        "fields": {
            "action_time": "2024-04-29T12:06:07.542Z",
            "user": 1,
            "content_type": 15,
            "object_id": "19",
            "object_repr": "19 - None",
            "action_flag": 3,
            "change_message": ""
        }
    },
    {
        "model": "admin.logentry",
        "pk": 235,
        "fields": {
            "action_time": "2024-04-29T12:06:07.546Z",
            "user": 1,
            "content_type": 15,
            "object_id": "18",
            "object_repr": "18 - None",
            "action_flag": 3,
            "change_message": ""
        }
    },
    {
        "model": "admin.logentry",
        "pk": 236,
        "fields": {
            "action_time": "2024-04-29T12:06:07.567Z",
            "user": 1,
            "content_type": 15,
            "object_id": "17",
            "object_repr": "17 - None",
            "action_flag": 3,
            "change_message": ""
        }
    },
    {
        "model": "admin.logentry",
        "pk": 237,
        "fields": {
            "action_time": "2024-04-29T12:06:07.575Z",
            "user": 1,
            "content_type": 15,
            "object_id": "16",
            "object_repr": "16 - None",
            "action_flag": 3,
            "change_message": ""
        }
    },
    {
        "model": "admin.logentry",
        "pk": 238,
        "fields": {
            "action_time": "2024-04-29T12:06:30.347Z",
            "user": 1,
            "content_type": 13,
            "object_id": "6",
            "object_repr": "6 - KRONOS",
            "action_flag": 3,
            "change_message": ""
        }
    },
    {
        "model": "admin.logentry",
        "pk": 239,
        "fields": {
            "action_time": "2024-04-29T12:08:17.828Z",
            "user": 1,
            "content_type": 13,
            "object_id": "7",
            "object_repr": "7 - Deep",
            "action_flag": 3,
            "change_message": ""
        }
    },
    {
        "model": "admin.logentry",
        "pk": 240,
        "fields": {
            "action_time": "2024-04-29T12:08:49.282Z",
            "user": 1,
            "content_type": 15,
            "object_id": "69",
            "object_repr": "69 - None",
            "action_flag": 3,
            "change_message": ""
        }
    },
    {
        "model": "admin.logentry",
        "pk": 241,
        "fields": {
            "action_time": "2024-04-29T12:08:49.290Z",
            "user": 1,
            "content_type": 15,
            "object_id": "68",
            "object_repr": "68 - None",
            "action_flag": 3,
            "change_message": ""
        }
    },
    {
        "model": "admin.logentry",
        "pk": 242,
        "fields": {
            "action_time": "2024-04-29T12:08:49.296Z",
            "user": 1,
            "content_type": 15,
            "object_id": "67",
            "object_repr": "67 - None",
            "action_flag": 3,
            "change_message": ""
        }
    },
    {
        "model": "admin.logentry",
        "pk": 243,
        "fields": {
            "action_time": "2024-04-29T12:08:49.300Z",
            "user": 1,
            "content_type": 15,
            "object_id": "66",
            "object_repr": "66 - None",
            "action_flag": 3,
            "change_message": ""
        }
    },
    {
        "model": "admin.logentry",
        "pk": 244,
        "fields": {
            "action_time": "2024-04-29T12:08:49.303Z",
            "user": 1,
            "content_type": 15,
            "object_id": "65",
            "object_repr": "65 - None",
            "action_flag": 3,
            "change_message": ""
        }
    },
    {
        "model": "admin.logentry",
        "pk": 245,
        "fields": {
            "action_time": "2024-04-29T12:09:14.446Z",
            "user": 1,
            "content_type": 15,
            "object_id": "70",
            "object_repr": "70 - None",
            "action_flag": 3,
            "change_message": ""
        }
    },
    {
        "model": "admin.logentry",
        "pk": 246,
        "fields": {
            "action_time": "2024-04-29T12:16:01.806Z",
            "user": 1,
            "content_type": 15,
            "object_id": "71",
            "object_repr": "71 - None",
            "action_flag": 3,
            "change_message": ""
        }
    },
    {
        "model": "admin.logentry",
        "pk": 247,
        "fields": {
            "action_time": "2024-04-29T12:31:28.238Z",
            "user": 1,
            "content_type": 15,
            "object_id": "79",
            "object_repr": "79 - None",
            "action_flag": 3,
            "change_message": ""
        }
    },
    {
        "model": "admin.logentry",
        "pk": 248,
        "fields": {
            "action_time": "2024-04-29T12:31:28.247Z",
            "user": 1,
            "content_type": 15,
            "object_id": "78",
            "object_repr": "78 - None",
            "action_flag": 3,
            "change_message": ""
        }
    },
    {
        "model": "admin.logentry",
        "pk": 249,
        "fields": {
            "action_time": "2024-04-29T12:31:28.253Z",
            "user": 1,
            "content_type": 15,
            "object_id": "77",
            "object_repr": "77 - None",
            "action_flag": 3,
            "change_message": ""
        }
    },
    {
        "model": "admin.logentry",
        "pk": 250,
        "fields": {
            "action_time": "2024-04-29T12:31:28.258Z",
            "user": 1,
            "content_type": 15,
            "object_id": "76",
            "object_repr": "76 - None",
            "action_flag": 3,
            "change_message": ""
        }
    },
    {
        "model": "admin.logentry",
        "pk": 251,
        "fields": {
            "action_time": "2024-04-29T12:31:28.262Z",
            "user": 1,
            "content_type": 15,
            "object_id": "75",
            "object_repr": "75 - None",
            "action_flag": 3,
            "change_message": ""
        }
    },
    {
        "model": "admin.logentry",
        "pk": 252,
        "fields": {
            "action_time": "2024-04-29T12:31:28.267Z",
            "user": 1,
            "content_type": 15,
            "object_id": "74",
            "object_repr": "74 - None",
            "action_flag": 3,
            "change_message": ""
        }
    },
    {
        "model": "admin.logentry",
        "pk": 253,
        "fields": {
            "action_time": "2024-04-29T12:31:28.273Z",
            "user": 1,
            "content_type": 15,
            "object_id": "73",
            "object_repr": "73 - None",
            "action_flag": 3,
            "change_message": ""
        }
    },
    {
        "model": "admin.logentry",
        "pk": 254,
        "fields": {
            "action_time": "2024-04-29T12:31:28.277Z",
            "user": 1,
            "content_type": 15,
            "object_id": "72",
            "object_repr": "72 - None",
            "action_flag": 3,
            "change_message": ""
        }
    },
    {
        "model": "admin.logentry",
        "pk": 255,
        "fields": {
            "action_time": "2024-04-29T12:31:41.158Z",
            "user": 1,
            "content_type": 13,
            "object_id": "8",
            "object_repr": "8 - KRONOS",
            "action_flag": 3,
            "change_message": ""
        }
    },
    {
        "model": "admin.logentry",
        "pk": 256,
        "fields": {
            "action_time": "2024-04-29T12:53:10.568Z",
            "user": 1,
            "content_type": 13,
            "object_id": "9",
            "object_repr": "9 - KRONOS",
            "action_flag": 3,
            "change_message": ""
        }
    },
    {
        "model": "admin.logentry",
        "pk": 257,
        "fields": {
            "action_time": "2024-04-29T13:01:41.931Z",
            "user": 1,
            "content_type": 10,
            "object_id": "5",
            "object_repr": "Deep",
            "action_flag": 3,
            "change_message": ""
        }
    },
    {
        "model": "admin.logentry",
        "pk": 258,
        "fields": {
            "action_time": "2024-04-29T13:01:41.939Z",
            "user": 1,
            "content_type": 10,
            "object_id": "4",
            "object_repr": "KRONOS",
            "action_flag": 3,
            "change_message": ""
        }
    },
    {
        "model": "admin.logentry",
        "pk": 259,
        "fields": {
            "action_time": "2024-04-29T18:07:36.944Z",
            "user": 1,
            "content_type": 15,
            "object_id": "81",
            "object_repr": "81 - abc@gmail.com",
            "action_flag": 3,
            "change_message": ""
        }
    },
    {
        "model": "admin.logentry",
        "pk": 260,
        "fields": {
            "action_time": "2024-04-29T18:07:36.950Z",
            "user": 1,
            "content_type": 15,
            "object_id": "80",
            "object_repr": "80 - abc@gmail.com",
            "action_flag": 3,
            "change_message": ""
        }
    },
    {
        "model": "admin.logentry",
        "pk": 261,
        "fields": {
            "action_time": "2024-05-28T10:42:50.890Z",
            "user": 1,
            "content_type": 11,
            "object_id": "61",
            "object_repr": "U.S.Polo Red",
            "action_flag": 3,
            "change_message": ""
        }
    },
    {
        "model": "admin.logentry",
        "pk": 262,
        "fields": {
            "action_time": "2024-06-18T10:08:53.195Z",
            "user": 1,
            "content_type": 10,
            "object_id": "8",
            "object_repr": "KRONOS",
            "action_flag": 3,
            "change_message": ""
        }
    },
    {
        "model": "admin.logentry",
        "pk": 263,
        "fields": {
            "action_time": "2024-06-18T10:08:53.203Z",
            "user": 1,
            "content_type": 10,
            "object_id": "7",
            "object_repr": "KRONOS",
            "action_flag": 3,
            "change_message": ""
        }
    },
    {
        "model": "admin.logentry",
        "pk": 264,
        "fields": {
            "action_time": "2024-06-18T10:08:53.206Z",
            "user": 1,
            "content_type": 10,
            "object_id": "6",
            "object_repr": "KRONOS",
            "action_flag": 3,
            "change_message": ""
        }
    },
    {
        "model": "admin.logentry",
        "pk": 265,
        "fields": {
            "action_time": "2024-06-18T10:17:25.403Z",
            "user": 1,
            "content_type": 10,
            "object_id": "15",
            "object_repr": "KRONOS",
            "action_flag": 3,
            "change_message": ""
        }
    },
    {
        "model": "admin.logentry",
        "pk": 266,
        "fields": {
            "action_time": "2024-06-18T10:17:25.410Z",
            "user": 1,
            "content_type": 10,
            "object_id": "14",
            "object_repr": "KRONOS",
            "action_flag": 3,
            "change_message": ""
        }
    },
    {
        "model": "admin.logentry",
        "pk": 267,
        "fields": {
            "action_time": "2024-06-18T10:17:25.414Z",
            "user": 1,
            "content_type": 10,
            "object_id": "13",
            "object_repr": "KRONOS",
            "action_flag": 3,
            "change_message": ""
        }
    },
    {
        "model": "admin.logentry",
        "pk": 268,
        "fields": {
            "action_time": "2024-06-18T10:17:25.417Z",
            "user": 1,
            "content_type": 10,
            "object_id": "12",
            "object_repr": "KRONOS",
            "action_flag": 3,
            "change_message": ""
        }
    },
    {
        "model": "admin.logentry",
        "pk": 269,
        "fields": {
            "action_time": "2024-06-18T10:17:25.421Z",
            "user": 1,
            "content_type": 10,
            "object_id": "11",
            "object_repr": "KRONOS",
            "action_flag": 3,
            "change_message": ""
        }
    },
    {
        "model": "admin.logentry",
        "pk": 270,
        "fields": {
            "action_time": "2024-06-18T10:17:25.424Z",
            "user": 1,
            "content_type": 10,
            "object_id": "10",
            "object_repr": "KRONOS",
            "action_flag": 3,
            "change_message": ""
        }
    },
    {
        "model": "admin.logentry",
        "pk": 271,
        "fields": {
            "action_time": "2024-06-18T10:17:25.429Z",
            "user": 1,
            "content_type": 10,
            "object_id": "9",
            "object_repr": "KRONOS",
            "action_flag": 3,
            "change_message": ""
        }
    },
    {
        "model": "admin.logentry",
        "pk": 272,
        "fields": {
            "action_time": "2024-06-18T10:23:07.610Z",
            "user": 1,
            "content_type": 10,
            "object_id": "18",
            "object_repr": "KRONOS",
            "action_flag": 3,
            "change_message": ""
        }
    },
    {
        "model": "admin.logentry",
        "pk": 273,
        "fields": {
            "action_time": "2024-06-18T10:23:07.619Z",
            "user": 1,
            "content_type": 10,
            "object_id": "17",
            "object_repr": "KRONOS",
            "action_flag": 3,
            "change_message": ""
        }
    },
    {
        "model": "admin.logentry",
        "pk": 274,
        "fields": {
            "action_time": "2024-06-18T10:23:07.624Z",
            "user": 1,
            "content_type": 10,
            "object_id": "16",
            "object_repr": "KRONOS",
            "action_flag": 3,
            "change_message": ""
        }
    },
    {
        "model": "admin.logentry",
        "pk": 275,
        "fields": {
            "action_time": "2024-06-18T10:23:17.154Z",
            "user": 1,
            "content_type": 10,
            "object_id": "19",
            "object_repr": "KRONOS",
            "action_flag": 3,
            "change_message": ""
        }
    },
    {
        "model": "admin.logentry",
        "pk": 276,
        "fields": {
            "action_time": "2024-06-18T10:23:41.838Z",
            "user": 1,
            "content_type": 10,
            "object_id": "20",
            "object_repr": "KRONOS",
            "action_flag": 3,
            "change_message": ""
        }
    },
    {
        "model": "admin.logentry",
        "pk": 277,
        "fields": {
            "action_time": "2024-06-18T10:30:14.683Z",
            "user": 1,
            "content_type": 10,
            "object_id": "26",
            "object_repr": "KRONOS",
            "action_flag": 3,
            "change_message": ""
        }
    },
    {
        "model": "admin.logentry",
        "pk": 278,
        "fields": {
            "action_time": "2024-06-18T10:30:14.692Z",
            "user": 1,
            "content_type": 10,
            "object_id": "25",
            "object_repr": "KRONOS",
            "action_flag": 3,
            "change_message": ""
        }
    },
    {
        "model": "admin.logentry",
        "pk": 279,
        "fields": {
            "action_time": "2024-06-18T10:30:14.697Z",
            "user": 1,
            "content_type": 10,
            "object_id": "24",
            "object_repr": "KRONOS",
            "action_flag": 3,
            "change_message": ""
        }
    },
    {
        "model": "admin.logentry",
        "pk": 280,
        "fields": {
            "action_time": "2024-06-18T10:30:14.701Z",
            "user": 1,
            "content_type": 10,
            "object_id": "23",
            "object_repr": "KRONOS",
            "action_flag": 3,
            "change_message": ""
        }
    },
    {
        "model": "admin.logentry",
        "pk": 281,
        "fields": {
            "action_time": "2024-06-18T10:30:14.704Z",
            "user": 1,
            "content_type": 10,
            "object_id": "22",
            "object_repr": "KRONOS",
            "action_flag": 3,
            "change_message": ""
        }
    },
    {
        "model": "admin.logentry",
        "pk": 282,
        "fields": {
            "action_time": "2024-06-18T10:30:14.707Z",
            "user": 1,
            "content_type": 10,
            "object_id": "21",
            "object_repr": "KRONOS",
            "action_flag": 3,
            "change_message": ""
        }
    },
    {
        "model": "admin.logentry",
        "pk": 283,
        "fields": {
            "action_time": "2024-06-18T11:26:44.779Z",
            "user": 1,
            "content_type": 15,
            "object_id": "92",
            "object_repr": "92 - abcsfnsjksmns@gmail.com",
            "action_flag": 3,
            "change_message": ""
        }
    },
    {
        "model": "admin.logentry",
        "pk": 284,
        "fields": {
            "action_time": "2024-06-18T11:26:44.787Z",
            "user": 1,
            "content_type": 15,
            "object_id": "91",
            "object_repr": "91 - abc@gmail.com",
            "action_flag": 3,
            "change_message": ""
        }
    },
    {
        "model": "admin.logentry",
        "pk": 285,
        "fields": {
            "action_time": "2024-06-18T11:26:44.792Z",
            "user": 1,
            "content_type": 15,
            "object_id": "90",
            "object_repr": "90 - abc@gmail.com",
            "action_flag": 3,
            "change_message": ""
        }
    },
    {
        "model": "admin.logentry",
        "pk": 286,
        "fields": {
            "action_time": "2024-06-18T11:26:44.796Z",
            "user": 1,
            "content_type": 15,
            "object_id": "89",
            "object_repr": "89 - abcsfnsjksmns@gmail.com",
            "action_flag": 3,
            "change_message": ""
        }
    },
    {
        "model": "admin.logentry",
        "pk": 287,
        "fields": {
            "action_time": "2024-06-18T11:26:44.800Z",
            "user": 1,
            "content_type": 15,
            "object_id": "88",
            "object_repr": "88 - abc@gmail.com",
            "action_flag": 3,
            "change_message": ""
        }
    },
    {
        "model": "admin.logentry",
        "pk": 288,
        "fields": {
            "action_time": "2024-06-18T11:26:44.805Z",
            "user": 1,
            "content_type": 15,
            "object_id": "87",
            "object_repr": "87 - abc@gmail.com",
            "action_flag": 3,
            "change_message": ""
        }
    },
    {
        "model": "admin.logentry",
        "pk": 289,
        "fields": {
            "action_time": "2024-06-18T11:26:44.809Z",
            "user": 1,
            "content_type": 15,
            "object_id": "86",
            "object_repr": "86 - abc@gmail.com",
            "action_flag": 3,
            "change_message": ""
        }
    },
    {
        "model": "admin.logentry",
        "pk": 290,
        "fields": {
            "action_time": "2024-06-18T11:26:44.813Z",
            "user": 1,
            "content_type": 15,
            "object_id": "85",
            "object_repr": "85 - abcsfnsjksmns@gmail.com",
            "action_flag": 3,
            "change_message": ""
        }
    },
    {
        "model": "admin.logentry",
        "pk": 291,
        "fields": {
            "action_time": "2024-06-18T11:26:44.818Z",
            "user": 1,
            "content_type": 15,
            "object_id": "84",
            "object_repr": "84 - abc@gmail.com",
            "action_flag": 3,
            "change_message": ""
        }
    },
    {
        "model": "admin.logentry",
        "pk": 292,
        "fields": {
            "action_time": "2024-06-18T11:26:44.823Z",
            "user": 1,
            "content_type": 15,
            "object_id": "83",
            "object_repr": "83 - abcsfnsjksmns@gmail.com",
            "action_flag": 3,
            "change_message": ""
        }
    },
    {
        "model": "admin.logentry",
        "pk": 293,
        "fields": {
            "action_time": "2024-06-18T11:26:44.829Z",
            "user": 1,
            "content_type": 15,
            "object_id": "82",
            "object_repr": "82 - abc@gmail.com",
            "action_flag": 3,
            "change_message": ""
        }
    },
    {
        "model": "admin.logentry",
        "pk": 294,
        "fields": {
            "action_time": "2024-06-18T12:09:56.804Z",
            "user": 1,
            "content_type": 11,
            "object_id": "62",
            "object_repr": "Levi's Black t-shirt",
            "action_flag": 3,
            "change_message": ""
        }
    },
    {
        "model": "auth.permission",
        "pk": 1,
        "fields": {
            "name": "Can add log entry",
            "content_type": 1,
            "codename": "add_logentry"
        }
    },
    {
        "model": "auth.permission",
        "pk": 2,
        "fields": {
            "name": "Can change log entry",
            "content_type": 1,
            "codename": "change_logentry"
        }
    },
    {
        "model": "auth.permission",
        "pk": 3,
        "fields": {
            "name": "Can delete log entry",
            "content_type": 1,
            "codename": "delete_logentry"
        }
    },
    {
        "model": "auth.permission",
        "pk": 4,
        "fields": {
            "name": "Can view log entry",
            "content_type": 1,
            "codename": "view_logentry"
        }
    },
    {
        "model": "auth.permission",
        "pk": 5,
        "fields": {
            "name": "Can add permission",
            "content_type": 2,
            "codename": "add_permission"
        }
    },
    {
        "model": "auth.permission",
        "pk": 6,
        "fields": {
            "name": "Can change permission",
            "content_type": 2,
            "codename": "change_permission"
        }
    },
    {
        "model": "auth.permission",
        "pk": 7,
        "fields": {
            "name": "Can delete permission",
            "content_type": 2,
            "codename": "delete_permission"
        }
    },
    {
        "model": "auth.permission",
        "pk": 8,
        "fields": {
            "name": "Can view permission",
            "content_type": 2,
            "codename": "view_permission"
        }
    },
    {
        "model": "auth.permission",
        "pk": 9,
        "fields": {
            "name": "Can add group",
            "content_type": 3,
            "codename": "add_group"
        }
    },
    {
        "model": "auth.permission",
        "pk": 10,
        "fields": {
            "name": "Can change group",
            "content_type": 3,
            "codename": "change_group"
        }
    },
    {
        "model": "auth.permission",
        "pk": 11,
        "fields": {
            "name": "Can delete group",
            "content_type": 3,
            "codename": "delete_group"
        }
    },
    {
        "model": "auth.permission",
        "pk": 12,
        "fields": {
            "name": "Can view group",
            "content_type": 3,
            "codename": "view_group"
        }
    },
    {
        "model": "auth.permission",
        "pk": 13,
        "fields": {
            "name": "Can add user",
            "content_type": 4,
            "codename": "add_user"
        }
    },
    {
        "model": "auth.permission",
        "pk": 14,
        "fields": {
            "name": "Can change user",
            "content_type": 4,
            "codename": "change_user"
        }
    },
    {
        "model": "auth.permission",
        "pk": 15,
        "fields": {
            "name": "Can delete user",
            "content_type": 4,
            "codename": "delete_user"
        }
    },
    {
        "model": "auth.permission",
        "pk": 16,
        "fields": {
            "name": "Can view user",
            "content_type": 4,
            "codename": "view_user"
        }
    },
    {
        "model": "auth.permission",
        "pk": 17,
        "fields": {
            "name": "Can add content type",
            "content_type": 5,
            "codename": "add_contenttype"
        }
    },
    {
        "model": "auth.permission",
        "pk": 18,
        "fields": {
            "name": "Can change content type",
            "content_type": 5,
            "codename": "change_contenttype"
        }
    },
    {
        "model": "auth.permission",
        "pk": 19,
        "fields": {
            "name": "Can delete content type",
            "content_type": 5,
            "codename": "delete_contenttype"
        }
    },
    {
        "model": "auth.permission",
        "pk": 20,
        "fields": {
            "name": "Can view content type",
            "content_type": 5,
            "codename": "view_contenttype"
        }
    },
    {
        "model": "auth.permission",
        "pk": 21,
        "fields": {
            "name": "Can add session",
            "content_type": 6,
            "codename": "add_session"
        }
    },
    {
        "model": "auth.permission",
        "pk": 22,
        "fields": {
            "name": "Can change session",
            "content_type": 6,
            "codename": "change_session"
        }
    },
    {
        "model": "auth.permission",
        "pk": 23,
        "fields": {
            "name": "Can delete session",
            "content_type": 6,
            "codename": "delete_session"
        }
    },
    {
        "model": "auth.permission",
        "pk": 24,
        "fields": {
            "name": "Can view session",
            "content_type": 6,
            "codename": "view_session"
        }
    },
    {
        "model": "auth.permission",
        "pk": 25,
        "fields": {
            "name": "Can add category",
            "content_type": 7,
            "codename": "add_category"
        }
    },
    {
        "model": "auth.permission",
        "pk": 26,
        "fields": {
            "name": "Can change category",
            "content_type": 7,
            "codename": "change_category"
        }
    },
    {
        "model": "auth.permission",
        "pk": 27,
        "fields": {
            "name": "Can delete category",
            "content_type": 7,
            "codename": "delete_category"
        }
    },
    {
        "model": "auth.permission",
        "pk": 28,
        "fields": {
            "name": "Can view category",
            "content_type": 7,
            "codename": "view_category"
        }
    },
    {
        "model": "auth.permission",
        "pk": 29,
        "fields": {
            "name": "Can add sub_category",
            "content_type": 8,
            "codename": "add_sub_category"
        }
    },
    {
        "model": "auth.permission",
        "pk": 30,
        "fields": {
            "name": "Can change sub_category",
            "content_type": 8,
            "codename": "change_sub_category"
        }
    },
    {
        "model": "auth.permission",
        "pk": 31,
        "fields": {
            "name": "Can delete sub_category",
            "content_type": 8,
            "codename": "delete_sub_category"
        }
    },
    {
        "model": "auth.permission",
        "pk": 32,
        "fields": {
            "name": "Can view sub_category",
            "content_type": 8,
            "codename": "view_sub_category"
        }
    },
    {
        "model": "auth.permission",
        "pk": 33,
        "fields": {
            "name": "Can add product",
            "content_type": 9,
            "codename": "add_product"
        }
    },
    {
        "model": "auth.permission",
        "pk": 34,
        "fields": {
            "name": "Can change product",
            "content_type": 9,
            "codename": "change_product"
        }
    },
    {
        "model": "auth.permission",
        "pk": 35,
        "fields": {
            "name": "Can delete product",
            "content_type": 9,
            "codename": "delete_product"
        }
    },
    {
        "model": "auth.permission",
        "pk": 36,
        "fields": {
            "name": "Can view product",
            "content_type": 9,
            "codename": "view_product"
        }
    },
    {
        "model": "auth.permission",
        "pk": 37,
        "fields": {
            "name": "Can add contact_us",
            "content_type": 10,
            "codename": "add_contact_us"
        }
    },
    {
        "model": "auth.permission",
        "pk": 38,
        "fields": {
            "name": "Can change contact_us",
            "content_type": 10,
            "codename": "change_contact_us"
        }
    },
    {
        "model": "auth.permission",
        "pk": 39,
        "fields": {
            "name": "Can delete contact_us",
            "content_type": 10,
            "codename": "delete_contact_us"
        }
    },
    {
        "model": "auth.permission",
        "pk": 40,
        "fields": {
            "name": "Can view contact_us",
            "content_type": 10,
            "codename": "view_contact_us"
        }
    },
    {
        "model": "auth.permission",
        "pk": 41,
        "fields": {
            "name": "Can add order",
            "content_type": 11,
            "codename": "add_order"
        }
    },
    {
        "model": "auth.permission",
        "pk": 42,
        "fields": {
            "name": "Can change order",
            "content_type": 11,
            "codename": "change_order"
        }
    },
    {
        "model": "auth.permission",
        "pk": 43,
        "fields": {
            "name": "Can delete order",
            "content_type": 11,
            "codename": "delete_order"
        }
    },
    {
        "model": "auth.permission",
        "pk": 44,
        "fields": {
            "name": "Can view order",
            "content_type": 11,
            "codename": "view_order"
        }
    },
    {
        "model": "auth.permission",
        "pk": 45,
        "fields": {
            "name": "Can add brand",
            "content_type": 12,
            "codename": "add_brand"
        }
    },
    {
        "model": "auth.permission",
        "pk": 46,
        "fields": {
            "name": "Can change brand",
            "content_type": 12,
            "codename": "change_brand"
        }
    },
    {
        "model": "auth.permission",
        "pk": 47,
        "fields": {
            "name": "Can delete brand",
            "content_type": 12,
            "codename": "delete_brand"
        }
    },
    {
        "model": "auth.permission",
        "pk": 48,
        "fields": {
            "name": "Can view brand",
            "content_type": 12,
            "codename": "view_brand"
        }
    },
    {
        "model": "auth.permission",
        "pk": 49,
        "fields": {
            "name": "Can add review",
            "content_type": 13,
            "codename": "add_review"
        }
    },
    {
        "model": "auth.permission",
        "pk": 50,
        "fields": {
            "name": "Can change review",
            "content_type": 13,
            "codename": "change_review"
        }
    },
    {
        "model": "auth.permission",
        "pk": 51,
        "fields": {
            "name": "Can delete review",
            "content_type": 13,
            "codename": "delete_review"
        }
    },
    {
        "model": "auth.permission",
        "pk": 52,
        "fields": {
            "name": "Can view review",
            "content_type": 13,
            "codename": "view_review"
        }
    },
    {
        "model": "auth.permission",
        "pk": 53,
        "fields": {
            "name": "Can add faq",
            "content_type": 14,
            "codename": "add_faq"
        }
    },
    {
        "model": "auth.permission",
        "pk": 54,
        "fields": {
            "name": "Can change faq",
            "content_type": 14,
            "codename": "change_faq"
        }
    },
    {
        "model": "auth.permission",
        "pk": 55,
        "fields": {
            "name": "Can delete faq",
            "content_type": 14,
            "codename": "delete_faq"
        }
    },
    {
        "model": "auth.permission",
        "pk": 56,
        "fields": {
            "name": "Can view faq",
            "content_type": 14,
            "codename": "view_faq"
        }
    },
    {
        "model": "auth.permission",
        "pk": 57,
        "fields": {
            "name": "Can add about",
            "content_type": 15,
            "codename": "add_about"
        }
    },
    {
        "model": "auth.permission",
        "pk": 58,
        "fields": {
            "name": "Can change about",
            "content_type": 15,
            "codename": "change_about"
        }
    },
    {
        "model": "auth.permission",
        "pk": 59,
        "fields": {
            "name": "Can delete about",
            "content_type": 15,
            "codename": "delete_about"
        }
    },
    {
        "model": "auth.permission",
        "pk": 60,
        "fields": {
            "name": "Can view about",
            "content_type": 15,
            "codename": "view_about"
        }
    },
    {
        "model": "auth.user",
        "pk": 1,
        "fields": {
            "password": "pbkdf2_sha256$260000$NOadLlK32YtJIeOkSAzUf8$msSu6Aop0WZjXICJcmcXVO03pZqyZiWVJOXx8WkYRrQ=",
            "last_login": "2024-07-10T13:06:33.788Z",
            "is_superuser": true,
            "username": "bot",
            "first_name": "",
            "last_name": "",
            "email": "",
            "is_staff": true,
            "is_active": true,
            "date_joined": "2024-03-05T19:55:27.166Z",
            "groups": [],
            "user_permissions": []
        }
    },
    {
        "model": "auth.user",
        "pk": 2,
        "fields": {
            "password": "pbkdf2_sha256$720000$e1DPYJeFayUuhOK6KEjm0f$6nWzFb4HxVujLYDeVdXdlTGOmGIgbEnve2fe1puBeJU=",
            "last_login": "2024-03-09T21:57:11.676Z",
            "is_superuser": false,
            "username": "bot123",
            "first_name": "",
            "last_name": "",
            "email": "bot123@gmail.com",
            "is_staff": false,
            "is_active": true,
            "date_joined": "2024-03-09T19:31:17.481Z",
            "groups": [],
            "user_permissions": []
        }
    },
    {
        "model": "auth.user",
        "pk": 5,
        "fields": {
            "password": "pbkdf2_sha256$720000$hBiXlTks10w696ING6Bazq$/9tcrGogXASXDOWNBv6/8ibVIne+E2fFqlGCSHL6EUs=",
            "last_login": "2024-03-09T20:48:05.942Z",
            "is_superuser": false,
            "username": "kronos",
            "first_name": "",
            "last_name": "",
            "email": "kronu25@gmail.com",
            "is_staff": false,
            "is_active": true,
            "date_joined": "2024-03-09T20:48:04.693Z",
            "groups": [],
            "user_permissions": []
        }
    },
    {
        "model": "auth.user",
        "pk": 6,
        "fields": {
            "password": "pbkdf2_sha256$720000$iXy7h0djcoQX3z6ze5hrgC$HyAziuSRmS2MA83wT36UWXeFnO06qkPNg2xQCTRhz+Y=",
            "last_login": "2024-03-10T18:22:02.388Z",
            "is_superuser": false,
            "username": "kronos123",
            "first_name": "",
            "last_name": "",
            "email": "kronosdp3123@gmail.com",
            "is_staff": false,
            "is_active": true,
            "date_joined": "2024-03-10T18:22:01.157Z",
            "groups": [],
            "user_permissions": []
        }
    },
    {
        "model": "auth.user",
        "pk": 7,
        "fields": {
            "password": "pbkdf2_sha256$720000$F3Fs6V6GC6fJ6o2iYRRrIM$hzvG1N5adAJyJD9GSlDoAQW8+7/VIpBW4cfWBH6e01s=",
            "last_login": "2024-03-10T18:37:24.078Z",
            "is_superuser": false,
            "username": "user2",
            "first_name": "",
            "last_name": "",
            "email": "deep3123patel1234@gmail.com",
            "is_staff": false,
            "is_active": true,
            "date_joined": "2024-03-10T18:33:37.843Z",
            "groups": [],
            "user_permissions": []
        }
    },
    {
        "model": "auth.user",
        "pk": 8,
        "fields": {
            "password": "pbkdf2_sha256$720000$6sJSjxolRXwR6t3upcsKK7$t3vPQXaSijA7BQGXPEQt0K0msEsdifpv8IOcCVh4kQc=",
            "last_login": "2024-03-16T20:16:46.379Z",
            "is_superuser": false,
            "username": "robot",
            "first_name": "",
            "last_name": "",
            "email": "robu1234@gmail.com",
            "is_staff": false,
            "is_active": true,
            "date_joined": "2024-03-16T20:16:45.141Z",
            "groups": [],
            "user_permissions": []
        }
    },
    {
        "model": "auth.user",
        "pk": 9,
        "fields": {
            "password": "pbkdf2_sha256$390000$oCVFXOkNMfmNTpN6sAPk8w$LPbMmzOFje3ybfkpQTaS4/KuGlonBJB/rN2eTYctySQ=",
            "last_login": "2024-05-28T10:41:14.996Z",
            "is_superuser": false,
            "username": "gaku",
            "first_name": "",
            "last_name": "",
            "email": "gac123@gmail.com",
            "is_staff": false,
            "is_active": true,
            "date_joined": "2024-05-28T10:40:16.022Z",
            "groups": [],
            "user_permissions": []
        }
    },
    {
        "model": "contenttypes.contenttype",
        "pk": 1,
        "fields": {
            "app_label": "admin",
            "model": "logentry"
        }
    },
    {
        "model": "contenttypes.contenttype",
        "pk": 2,
        "fields": {
            "app_label": "auth",
            "model": "permission"
        }
    },
    {
        "model": "contenttypes.contenttype",
        "pk": 3,
        "fields": {
            "app_label": "auth",
            "model": "group"
        }
    },
    {
        "model": "contenttypes.contenttype",
        "pk": 4,
        "fields": {
            "app_label": "auth",
            "model": "user"
        }
    },
    {
        "model": "contenttypes.contenttype",
        "pk": 5,
        "fields": {
            "app_label": "contenttypes",
            "model": "contenttype"
        }
    },
    {
        "model": "contenttypes.contenttype",
        "pk": 6,
        "fields": {
            "app_label": "sessions",
            "model": "session"
        }
    },
    {
        "model": "contenttypes.contenttype",
        "pk": 7,
        "fields": {
            "app_label": "app",
            "model": "category"
        }
    },
    {
        "model": "contenttypes.contenttype",
        "pk": 8,
        "fields": {
            "app_label": "app",
            "model": "sub_category"
        }
    },
    {
        "model": "contenttypes.contenttype",
        "pk": 9,
        "fields": {
            "app_label": "app",
            "model": "product"
        }
    },
    {
        "model": "contenttypes.contenttype",
        "pk": 10,
        "fields": {
            "app_label": "app",
            "model": "contact_us"
        }
    },
    {
        "model": "contenttypes.contenttype",
        "pk": 11,
        "fields": {
            "app_label": "app",
            "model": "order"
        }
    },
    {
        "model": "contenttypes.contenttype",
        "pk": 12,
        "fields": {
            "app_label": "app",
            "model": "brand"
        }
    },
    {
        "model": "contenttypes.contenttype",
        "pk": 13,
        "fields": {
            "app_label": "app",
            "model": "review"
        }
    },
    {
        "model": "contenttypes.contenttype",
        "pk": 14,
        "fields": {
            "app_label": "app",
            "model": "faq"
        }
    },
    {
        "model": "contenttypes.contenttype",
        "pk": 15,
        "fields": {
            "app_label": "app",
            "model": "about"
        }
    },
    {
        "model": "sessions.session",
        "pk": "0mqghmptu3zmiu3qrvnlh50ppdf98z9q",
        "fields": {
            "session_data": ".eJxVjDsOgzAQRO_iOrK8_sQsZXrOgNb2OpBEIGGoEHePkSiScmbevF30tK1DvxVe-jGJVoC4_XaB4punc0gvmp6zjPO0LmOQJyKvtchuTvx5XOyfYKAy1LdmG7WzyTegsk4moK0xqzuRUwYMBXRMYDCHgCqxQ-8AfNag0DeMVRppWUW7H8cX_8k6Ww:1rlxzF:EO-oRU2vuzvsq6mYyyrCl21uFvcQQ43QbCDCMIi20KI",
            "expire_date": "2024-03-31T21:24:09.422Z"
        }
    },
    {
        "model": "sessions.session",
        "pk": "4fjl68zwoi9bqql2n60jvay15j2dl3ce",
        "fields": {
            "session_data": ".eJxVjM0OwiAQhN-FsyEsP9L16N1nIAssUjU0Ke3J-O62SQ96nPm-mbcItC41rJ3nMGZxESBOv12k9OS2g_ygdp9kmtoyj1Huijxol7cp8-t6uH8HlXrd1ppt0s5mP4AqOpuIdotFnYmcMmAoomMCgyVGVJkdegfgiwaFfmAUny_KaTcP:1rj2td:JcbsOZgklam0-gz7QudEEZU1wNBLQa8oTlmcQvbix0o",
            "expire_date": "2024-03-23T20:02:17.617Z"
        }
    },
    {
        "model": "sessions.session",
        "pk": "8cl38uaft56id73zbc2z7vqc3hc9olao",
        "fields": {
            "session_data": ".eJxVjDsOgzAQBe_iOrK8JHYwZXrOgHa9z4EkAolPhbh7QKJI2jfzZjUNL3PbLBPGplNTGTKX3004vdEfQF_cPwebhn4eO7GHYk862XpQfB6n-xdoeWr397VUYnEofMgUvVKMJXnHhJA8SCRACnhGvmWFg0YB35OSOnWguEcTj7Op1m37Aj7mPF8:1s12Fk:8SLOB1Mk6QmAUal6mqYc_wFbeMaqqTNhOmwppWCdvJo",
            "expire_date": "2024-05-12T10:59:28.168Z"
        }
    },
    {
        "model": "sessions.session",
        "pk": "9cp9sowrztmm3t3lsr60yspdkvtyie5b",
        "fields": {
            "session_data": ".eJxVjDsOgzAQBe_iOrK8JHYwZXrOgHa9z4EkAolPhbh7QKJI2jfzZjUNL3PbLBPGplNTGTKX3004vdEfQF_cPwebhn4eO7GHYk862XpQfB6n-xdoeWr397VUYnEofMgUvVKMJXnHhJA8SCRACnhGvmWFg0YB35OSOnWguEcTj7Op1m37Aj7mPF8:1sCzgv:0-Texx0sHsxRAVjSyJxWj3oW8511-nPP13Kun-iBLqo",
            "expire_date": "2024-06-07T10:40:57.176Z"
        }
    },
    {
        "model": "sessions.session",
        "pk": "gmklpuunptmhxr145urt5c0m5vcxijzk",
        "fields": {
            "session_data": ".eJxVjDsOgzAQRO_iOrK8_sQsZXrOgNb2OpBEIGGoEHePkSiScmbevF30tK1DvxVe-jGJVoC4_XaB4punc0gvmp6zjPO0LmOQJyKvtchuTvx5XOyfYKAy1LdmG7WzyTegsk4moK0xqzuRUwYMBXRMYDCHgCqxQ-8AfNag0DeMVRppWUW7H8cX_8k6Ww:1rxvtY:e6jK17flaDTBCpoyaXWiPstwGXr9b3HmXDKrgukP2Us",
            "expire_date": "2024-05-03T21:35:44.237Z"
        }
    },
    {
        "model": "sessions.session",
        "pk": "lzfppen7e9fa1ercmlgjwiwtb4br20ec",
        "fields": {
            "session_data": ".eJxVjDsOgzAQBe_iOrK8JHYwZXrOgHa9z4EkAolPhbh7QKJI2jfzZjUNL3PbLBPGplNTGTKX3004vdEfQF_cPwebhn4eO7GHYk862XpQfB6n-xdoeWr397VUYnEofMgUvVKMJXnHhJA8SCRACnhGvmWFg0YB35OSOnWguEcTj7Op1m37Aj7mPF8:1sJXew:LLHvPMXLRMeM_Xnld8CDTmFld8it_EKuKN2Tv8eJVdo",
            "expire_date": "2024-06-25T12:09:58.808Z"
        }
    },
    {
        "model": "sessions.session",
        "pk": "o5u0yysp218y6qxj2bdfsg5pd6xpgu0t",
        "fields": {
            "session_data": ".eJxVjDsOgzAQRO_iOrK8_sQsZXrOgNb2OpBEIGGoEHePkSiScmbevF30tK1DvxVe-jGJVoC4_XaB4punc0gvmp6zjPO0LmOQJyKvtchuTvx5XOyfYKAy1LdmG7WzyTegsk4moK0xqzuRUwYMBXRMYDCHgCqxQ-8AfNag0DeMVRppWUW7H8cX_8k6Ww:1rsLp0:VXPNSSjqNdlT7aO48ALs-JBYE39E3tl5kKpuVCW83XE",
            "expire_date": "2024-04-18T12:03:58.092Z"
        }
    },
    {
        "model": "sessions.session",
        "pk": "pp33h41n4bd33qxi4x8hqmeixuvz841n",
        "fields": {
            "session_data": ".eJxVjDsOgzAQBe_iOrK8JHYwZXrOgHa9z4EkAolPhbh7QKJI2jfzZjUNL3PbLBPGplNTGTKX3004vdEfQF_cPwebhn4eO7GHYk862XpQfB6n-xdoeWr397VUYnEofMgUvVKMJXnHhJA8SCRACnhGvmWFg0YB35OSOnWguEcTj7Op1m37Aj7mPF8:1s1Vf9:nB8clOBnyMbDVSIUasDVG6mxd7xHWkUvr6uZ0478Ul0",
            "expire_date": "2024-05-06T18:23:39.684Z"
        }
    },
    {
        "model": "sessions.session",
        "pk": "t3gn7bddertqg4v4pf9vufd54pn3v3du",
        "fields": {
            "session_data": ".eJxVjE0OgyAYRO_CuiGggOKy-56BfD9YbRtIFFfGuxcTF-1iNu_NzC4CbGUK2xqXMLMYhBa3X4ZA75hOwS9Izywpp7LMKM-KvOwqH5nj5351_w4mWKe6dq4x5O1oW0MKTOMQPCHRSFExOe49o7Zq1Ni1Ncje2k5VrH1k6mM9JViKGPbj-AI7UDvm:1sRX1l:VqdenSlGERPWezSLPrscjnnL2mxqMJsyi1lKXvcaHwY",
            "expire_date": "2024-07-17T13:06:33.815Z"
        }
    },
    {
        "model": "sessions.session",
        "pk": "uocrkqyzcgljlo4g0qk555hekx5z69x1",
        "fields": {
            "session_data": ".eJxVjDEOwjAMRe-SGUW4rknCyN4zVHYcSAElUtNOiLtDpQ6w_vfef5mR1yWPa0vzOKk5GzKH3004PlLZgN653KqNtSzzJHZT7E6bHaqm52V3_w4yt_yte3UAglekjr3rfC_JBYcILAmBTsCgAVkUmJhdT9Cp9_FIKByIvHl_AMsjNzQ:1rj3bx:wSsPzjolih813Dx6Go6Q6li9EfVWdbNmtYeEVOjWTzg",
            "expire_date": "2024-03-23T20:48:05.947Z"
        }
    },
    {
        "model": "sessions.session",
        "pk": "xms1ld7twq431gwygd02rrbeo1t0huvo",
        "fields": {
            "session_data": ".eJxVjDsOgzAQBe_iOrK8JHYwZXrOgHa9z4EkAolPhbh7QKJI2jfzZjUNL3PbLBPGplNTGTKX3004vdEfQF_cPwebhn4eO7GHYk862XpQfB6n-xdoeWr397VUYnEofMgUvVKMJXnHhJA8SCRACnhGvmWFg0YB35OSOnWguEcTj7Op1m37Aj7mPF8:1s93Hd:udoCSz-e0n6QwIFsPZnFAg03OPfjscFYUpu6sxisQxE",
            "expire_date": "2024-05-27T13:42:33.262Z"
        }
    },
    {
        "model": "app.category",
        "pk": 1,
        "fields": {
            "name": "Clothing"
        }
    },
    {
        "model": "app.category",
        "pk": 2,
        "fields": {
            "name": "Computer & Accessories"
        }
    },
    {
        "model": "app.category",
        "pk": 3,
        "fields": {
            "name": "Smart Phones"
        }
    },
    {
        "model": "app.category",
        "pk": 4,
        "fields": {
            "name": "Wearables"
        }
    },
    {
        "model": "app.sub_category",
        "pk": 1,
        "fields": {
            "name": "Clothing",
            "category": 1
        }
    },
    {
        "model": "app.sub_category",
        "pk": 2,
        "fields": {
            "name": "Sunglasses",
            "category": 4
        }
    },
    {
        "model": "app.sub_category",
        "pk": 4,
        "fields": {
            "name": "Cases & Cover",
            "category": 3
        }
    },
    {
        "model": "app.sub_category",
        "pk": 5,
        "fields": {
            "name": "Laptops",
            "category": 2
        }
    },
    {
        "model": "app.sub_category",
        "pk": 6,
        "fields": {
            "name": "Smart Phone",
            "category": 3
        }
    },
    {
        "model": "app.brand",
        "pk": 1,
        "fields": {
            "name": "Apple"
        }
    },
    {
        "model": "app.brand",
        "pk": 2,
        "fields": {
            "name": "Oneplus"
        }
    },
    {
        "model": "app.brand",
        "pk": 3,
        "fields": {
            "name": "Xiaomi"
        }
    },
    {
        "model": "app.brand",
        "pk": 4,
        "fields": {
            "name": "HP"
        }
    },
    {
        "model": "app.brand",
        "pk": 5,
        "fields": {
            "name": "U.S. Polo"
        }
    },
    {
        "model": "app.brand",
        "pk": 6,
        "fields": {
            "name": "RAY-Ban"
        }
    },
    {
        "model": "app.brand",
        "pk": 7,
        "fields": {
            "name": "Acer"
        }
    },
    {
        "model": "app.brand",
        "pk": 8,
        "fields": {
            "name": "Fastrack"
        }
    },
    {
        "model": "app.brand",
        "pk": 9,
        "fields": {
            "name": "Levi's"
        }
    },
    {
        "model": "app.brand",
        "pk": 10,
        "fields": {
            "name": "SUPCASE"
        }
    },
    {
        "model": "app.product",
        "pk": 1,
        "fields": {
            "category": 1,
            "sub_category": 1,
            "brand": 5,
            "image": "ecommerce/pimg/U.S.Polo-1_ywiLXDe.jpg",
            "name": "U.S.Polo Red",
            "price": 1800,
            "Availability": "In Stock",
            "date": "2024-03-06"
        }
    },
    {
        "model": "app.product",
        "pk": 2,
        "fields": {
            "category": 1,
            "sub_category": 1,
            "brand": 9,
            "image": "ecommerce/pimg/Levis-1.jpeg",
            "name": "Levi's Black t-shirt",
            "price": 3250,
            "Availability": "Out of Stock",
            "date": "2024-03-06"
        }
    },
    {
        "model": "app.product",
        "pk": 3,
        "fields": {
            "category": 2,
            "sub_category": 5,
            "brand": 1,
            "image": "ecommerce/pimg/Macbook_aSA8RCR.jpg",
            "name": "MacBook",
            "price": 155000,
            "Availability": "In Stock",
            "date": "2024-03-06"
        }
    },
    {
        "model": "app.product",
        "pk": 4,
        "fields": {
            "category": 3,
            "sub_category": 4,
            "brand": 10,
            "image": "ecommerce/pimg/images_ct41iB6.jpeg",
            "name": "Mobile cases for android",
            "price": 500,
            "Availability": "In Stock",
            "date": "2024-03-06"
        }
    },
    {
        "model": "app.product",
        "pk": 5,
        "fields": {
            "category": 3,
            "sub_category": 4,
            "brand": 10,
            "image": "ecommerce/pimg/download.jpeg",
            "name": "Mobile cases for iphone",
            "price": 1000,
            "Availability": "In Stock",
            "date": "2024-03-06"
        }
    },
    {
        "model": "app.product",
        "pk": 6,
        "fields": {
            "category": 1,
            "sub_category": 2,
            "brand": 8,
            "image": "ecommerce/pimg/download_1.jpeg",
            "name": "Fastrack Summer collection-1",
            "price": 2200,
            "Availability": "In Stock",
            "date": "2024-03-06"
        }
    },
    {
        "model": "app.product",
        "pk": 7,
        "fields": {
            "category": 1,
            "sub_category": 2,
            "brand": 8,
            "image": "ecommerce/pimg/images_1.jpeg",
            "name": "Fastrack Summer collection-2",
            "price": 1500,
            "Availability": "Out of Stock",
            "date": "2024-03-06"
        }
    },
    {
        "model": "app.product",
        "pk": 8,
        "fields": {
            "category": 3,
            "sub_category": 6,
            "brand": 1,
            "image": "ecommerce/pimg/iphone-15.webp",
            "name": "Iphone 15",
            "price": 120000,
            "Availability": "Out of Stock",
            "date": "2024-03-17"
        }
    },
    {
        "model": "app.product",
        "pk": 9,
        "fields": {
            "category": 3,
            "sub_category": 6,
            "brand": 1,
            "image": "ecommerce/pimg/iphone-14.jpg",
            "name": "Iphone  14",
            "price": 80000,
            "Availability": "In Stock",
            "date": "2024-03-17"
        }
    },
    {
        "model": "app.product",
        "pk": 10,
        "fields": {
            "category": 3,
            "sub_category": 6,
            "brand": 2,
            "image": "ecommerce/pimg/Oneplus_12R.jpg",
            "name": "OnePlus 12R",
            "price": 50000,
            "Availability": "In Stock",
            "date": "2024-03-17"
        }
    },
    {
        "model": "app.product",
        "pk": 11,
        "fields": {
            "category": 3,
            "sub_category": 6,
            "brand": 3,
            "image": "ecommerce/pimg/Xiaomi-12_Pro.webp",
            "name": "Xiaomi 12 Pro",
            "price": 75000,
            "Availability": "In Stock",
            "date": "2024-03-17"
        }
    },
    {
        "model": "app.product",
        "pk": 12,
        "fields": {
            "category": 1,
            "sub_category": 1,
            "brand": 5,
            "image": "ecommerce/pimg/U.S._Polo.webp",
            "name": "U.S. Polo Mid Orange",
            "price": 2500,
            "Availability": "In Stock",
            "date": "2024-03-17"
        }
    },
    {
        "model": "app.product",
        "pk": 13,
        "fields": {
            "category": 1,
            "sub_category": 1,
            "brand": 9,
            "image": "ecommerce/pimg/Levis_tshirt.jpg",
            "name": "Levi's Blue",
            "price": 3500,
            "Availability": "In Stock",
            "date": "2024-03-17"
        }
    },
    {
        "model": "app.product",
        "pk": 14,
        "fields": {
            "category": 1,
            "sub_category": 2,
            "brand": 6,
            "image": "ecommerce/pimg/Ray-Ban-1.jpg",
            "name": "RAY-Ban - Men",
            "price": 4000,
            "Availability": "In Stock",
            "date": "2024-03-17"
        }
    },
    {
        "model": "app.product",
        "pk": 15,
        "fields": {
            "category": 1,
            "sub_category": 2,
            "brand": 6,
            "image": "ecommerce/pimg/Ray-Ban-2.jpeg",
            "name": "RAY-Ban - Women",
            "price": 3200,
            "Availability": "In Stock",
            "date": "2024-03-17"
        }
    },
    {
        "model": "app.product",
        "pk": 16,
        "fields": {
            "category": 2,
            "sub_category": 5,
            "brand": 7,
            "image": "ecommerce/pimg/Acer_wSiqoPl.webp",
            "name": "Acer A35",
            "price": 35000,
            "Availability": "In Stock",
            "date": "2024-03-17"
        }
    },
    {
        "model": "app.product",
        "pk": 17,
        "fields": {
            "category": 2,
            "sub_category": 5,
            "brand": 4,
            "image": "ecommerce/pimg/HP-2_iFsaOeI.png",
            "name": "HP H23",
            "price": 42000,
            "Availability": "In Stock",
            "date": "2024-03-17"
        }
    },
    {
        "model": "app.product",
        "pk": 18,
        "fields": {
            "category": 2,
            "sub_category": 5,
            "brand": 4,
            "image": "ecommerce/pimg/HP-2.png",
            "name": "HP 4AC",
            "price": 52000,
            "Availability": "In Stock",
            "date": "2024-04-14"
        }
    },
    {
        "model": "app.faq",
        "pk": 1,
        "fields": {
            "question": "What payment methods do you accept?",
            "answer": "We accept all major credit and debit cards, including Visa, MasterCard, and American Express. We also offer the option to pay via PayPal for added convenience."
        }
    },
    {
        "model": "app.faq",
        "pk": 2,
        "fields": {
            "question": "Can I return or exchange an item?",
            "answer": "Yes, you can return or exchange an item within 30 days of purchase. Please ensure that the item is in its original packaging and has not been used. For more information, please refer to our Returns & Exchanges policy."
        }
    },
    {
        "model": "app.faq",
        "pk": 3,
        "fields": {
            "question": "How can I contact customer support?",
            "answer": "You can contact our customer support team by emailing  info@Shop-Genius.com or by calling our toll-free number at 1-800-123-4567. Our team is available to assist you with any questions or concerns you may have."
        }
    },
    {
        "model": "app.faq",
        "pk": 4,
        "fields": {
            "question": "Are all products on your website authentic?",
            "answer": "Yes, we guarantee that all products on our website are 100% authentic. We work directly with authorized distributors and manufacturers to ensure the quality and authenticity of every product we sell."
        }
    },
    {
        "model": "app.faq",
        "pk": 5,
        "fields": {
            "question": "How can I reset my password?",
            "answer": "You can reset your password by clicking on the \"Forgot Password\" link on the login page. You will be prompted to enter your email address, and a password reset link will be sent to your inbox. Follow the instructions in the email to reset your password."
        }
    },
    {
        "model": "app.about",
        "pk": 93,
        "fields": {
            "email": "abcsfnsjksmns@gmail.com",
            "date_subscribed": "2024-06-18T11:40:26.765Z"
        }
    },
    {
        "model": "app.about",
        "pk": 94,
        "fields": {
            "email": "abc@gmail.com",
            "date_subscribed": "2024-06-18T11:40:31.226Z"
        }
    },
    {
        "model": "app.about",
        "pk": 95,
        "fields": {
            "email": "abc@gmail.com",
            "date_subscribed": "2024-06-18T11:41:33.484Z"
        }
    },
    {
        "model": "app.about",
        "pk": 96,
        "fields": {
            "email": "abc@gmail.com",
            "date_subscribed": "2024-06-18T11:41:38.041Z"
        }
    },
    {
        "model": "app.about",
        "pk": 97,
        "fields": {
            "email": "abc@gmail.com",
            "date_subscribed": "2024-06-18T11:41:41.244Z"
        }
    },
    {
        "model": "app.about",
        "pk": 98,
        "fields": {
            "email": "abc@gmail.com",
            "date_subscribed": "2024-06-18T11:41:45.250Z"
        }
    },
    {
        "model": "app.about",
        "pk": 99,
        "fields": {
            "email": "abc@gmail.com",
            "date_subscribed": "2024-06-18T11:44:44.912Z"
        }
    },
    {
        "model": "app.about",
        "pk": 100,
        "fields": {
            "email": "abc@gmail.com",
            "date_subscribed": "2024-06-18T11:44:52.454Z"
        }
    }
]